<project name="USB Debug iOS">
	
	<!-- You will have to edit the following four properties -->
	<property name="ios.certificate" value="../certificates/test.p12" />
	<property name="ios.cert.pass" value="test" />
	<property name="mobile.provision" value="../certificates/mobile.provision"></property>
	<property name="ios.simulator.SDK" value="/Applications/Xcode.app/Contents/Developer/Platforms/iPhoneSimulator.platform/Developer/SDKs/iPhoneSimulator5.1.sdk" />
	
	<fdt.loadProjectProperties />

	<target name="01. package for usb debug">
		<exec executable="${FDTProjectSdkPath}/bin/adt" failonerror="true" dir="../bin">
			<arg value="-package" />
			<arg value="-target" />
			<arg value="ipa-debug-interpreter" />
			<arg value="-listen" />
			<arg value="12345"/>
			<arg value="-provisioning-profile" />
			<arg value="${mobile.provision}" />
			<arg value="-storetype" />
			<arg value="pkcs12" />
			<arg value="-keystore" />
			<arg value="${ios.certificate}" />
			<arg value="-storepass" />
			<arg value="${ios.cert.pass}" />
			<arg value="AIR33features.ipa" />
			<arg value="AIR33features-app.xml" />
			<arg value="AIR33features.swf" />
			<arg value="Default.png" />
			<arg value="Default@2x.png" />
			<arg value="Default~iphone.png" />
			<arg value="Default@2x~iphone.png" />
			<arg value="-e" />
			<arg value="../icons/29.png" />
			<arg value="AppIcons/29x29-29.png" />
			<arg value="-e" />
			<arg value="../icons/48.png" />
			<arg value="AppIcons/48x48-48.png" />
			<arg value="-e" />
			<arg value="../icons/57.png" />
			<arg value="AppIcons/57x57-57.png" />
			<arg value="-e" />
			<arg value="../icons/72.png" />
			<arg value="AppIcons/72x72-72.png" />
			<arg value="-e" />
			<arg value="../icons/114.png" />
			<arg value="AppIcons/114x114-114.png" />
			<arg value="-e" />

			<!-- New icon dimension here in AIR 3.3 -->
			<arg value="../icons/144.png" />
			<arg value="AppIcons/144x144-144.png" />

			<arg value="-e" />
			<arg value="../icons/512.png" />
			<arg value="AppIcons/512x512-512.png" />
			<arg value="-e" />
			<arg value="../icons/1024.png" />
			<arg value="AppIcons/1024x1024-1024.png" />
			<arg value="-platformsdk" />
			<arg value="${ios.simulator.SDK}" />
		</exec>
	</target>


	<target name="02. show connected devices">
		<fdt.loadProjectProperties projectname="AIR33Features" />
		<exec executable="${FDTProjectSdkPath}/lib/aot/idb/idb">
			<arg value="-devices" />
		</exec>
	</target>

	<target name="03. Debugger prompt">
		<script language="javascript">
			<![CDATA[
	    	importPackage(javax.swing);
			JOptionPane.showMessageDialog(null, "To debug your application you will have to manually install the application on your iOS device.\r\n\r\nPlease follow the steps beneath to continue: \r\n1. Install your .ipa application via iTunes on your device\r\n2. Click the \"OK\" button\r\n3. Launch the app on your iOS device", "Debugger", JOptionPane.INFORMATION_MESSAGE);
			]]>
		</script>
	</target>

	<target name="04. forward ports for USB debug">
		<exec executable="${FDTProjectSdkPath}/lib/aot/idb/idb" >
			<arg value="-forward" />

			<!-- LOCAL_PORT -->
			<arg value="7936" />

			<!-- REMOTE_PORT -->
			<arg value="12345" />

			<!-- DEVICE_HANDLE -->
			<arg value="1" />
		</exec>
	</target>

	<target name="05. start FDT debugger for usb debug">
		<fdt.startDebugger projectname="AIR33Features" port="7936" asclient="true"/>
	</target>

	<target name="06. stopforward ports for USB debug">
		<exec executable="${FDTProjectSdkPath}/lib/aot/idb/idb">
			<arg value="-stopforward" />

			<!-- LOCAL_PORT -->
			<arg value="7936" />
		</exec>
	</target>
</project>