<haxe>
	<class path="flash.text.TextLineMetrics" params="" file="/usr/lib/haxe/std/flash9/text/TextLineMetrics.hx" extern="1">
		<ascent public="1"><c path="Float"/></ascent>
		<descent public="1"><c path="Float"/></descent>
		<height public="1"><c path="Float"/></height>
		<leading public="1"><c path="Float"/></leading>
		<width public="1"><c path="Float"/></width>
		<x public="1"><c path="Float"/></x>
		<new public="1" set="method"><f a="x:width:height:ascent:descent:leading">
	<c path="Float"/>
	<c path="Float"/>
	<c path="Float"/>
	<c path="Float"/>
	<c path="Float"/>
	<c path="Float"/>
	<e path="Void"/>
</f></new>
	</class>
	<enum path="flash.text.TextFieldType" params="" file="/usr/lib/haxe/std/flash9/text/TextFieldType.hx">
		<INPUT/>
		<DYNAMIC/>
	</enum>
	<class path="flash.display.IBitmapDrawable" params="" file="/usr/lib/haxe/std/flash9/display/IBitmapDrawable.hx" extern="1" interface="1"/>
	<class path="flash.display.BitmapData" params="" file="/usr/lib/haxe/std/flash9/display/BitmapData.hx" extern="1">
		<implements path="flash.display.IBitmapDrawable"/>
		<height public="1" set="null"><c path="Int"/></height>
		<rect public="1" set="null"><c path="flash.geom.Rectangle"/></rect>
		<transparent public="1" set="null"><e path="Bool"/></transparent>
		<width public="1" set="null"><c path="Int"/></width>
		<applyFilter public="1" set="method"><f a="sourceBitmapData:sourceRect:destPoint:filter">
	<c path="flash.display.BitmapData"/>
	<c path="flash.geom.Rectangle"/>
	<c path="flash.geom.Point"/>
	<c path="flash.filters.BitmapFilter"/>
	<e path="Void"/>
</f></applyFilter>
		<clone public="1" set="method"><f a=""><c path="flash.display.BitmapData"/></f></clone>
		<colorTransform public="1" set="method"><f a="rect:colorTransform">
	<c path="flash.geom.Rectangle"/>
	<c path="flash.geom.ColorTransform"/>
	<e path="Void"/>
</f></colorTransform>
		<compare public="1" set="method"><f a="otherBitmapData">
	<c path="flash.display.BitmapData"/>
	<d/>
</f></compare>
		<copyChannel public="1" set="method"><f a="sourceBitmapData:sourceRect:destPoint:sourceChannel:destChannel">
	<c path="flash.display.BitmapData"/>
	<c path="flash.geom.Rectangle"/>
	<c path="flash.geom.Point"/>
	<c path="Int"/>
	<c path="Int"/>
	<e path="Void"/>
</f></copyChannel>
		<copyPixels public="1" set="method"><f a="sourceBitmapData:sourceRect:destPoint:?alphaBitmapData:?alphaPoint:?mergeAlpha">
	<c path="flash.display.BitmapData"/>
	<c path="flash.geom.Rectangle"/>
	<c path="flash.geom.Point"/>
	<c path="flash.display.BitmapData"/>
	<c path="flash.geom.Point"/>
	<e path="Bool"/>
	<e path="Void"/>
</f></copyPixels>
		<dispose public="1" set="method"><f a=""><e path="Void"/></f></dispose>
		<draw public="1" set="method"><f a="source:?matrix:?colorTransform:?blendMode:?clipRect:?smoothing">
	<c path="flash.display.IBitmapDrawable"/>
	<c path="flash.geom.Matrix"/>
	<c path="flash.geom.ColorTransform"/>
	<e path="flash.display.BlendMode"/>
	<c path="flash.geom.Rectangle"/>
	<e path="Bool"/>
	<e path="Void"/>
</f></draw>
		<fillRect public="1" set="method"><f a="rect:color">
	<c path="flash.geom.Rectangle"/>
	<t path="UInt"/>
	<e path="Void"/>
</f></fillRect>
		<floodFill public="1" set="method"><f a="x:y:color">
	<c path="Int"/>
	<c path="Int"/>
	<t path="UInt"/>
	<e path="Void"/>
</f></floodFill>
		<generateFilterRect public="1" set="method"><f a="sourceRect:filter">
	<c path="flash.geom.Rectangle"/>
	<c path="flash.filters.BitmapFilter"/>
	<c path="flash.geom.Rectangle"/>
</f></generateFilterRect>
		<getColorBoundsRect public="1" set="method"><f a="mask:color:?findColor">
	<t path="UInt"/>
	<t path="UInt"/>
	<e path="Bool"/>
	<c path="flash.geom.Rectangle"/>
</f></getColorBoundsRect>
		<getPixel public="1" set="method"><f a="x:y">
	<c path="Int"/>
	<c path="Int"/>
	<t path="UInt"/>
</f></getPixel>
		<getPixel32 public="1" set="method"><f a="x:y">
	<c path="Int"/>
	<c path="Int"/>
	<t path="UInt"/>
</f></getPixel32>
		<getPixels public="1" set="method"><f a="rect">
	<c path="flash.geom.Rectangle"/>
	<c path="flash.utils.ByteArray"/>
</f></getPixels>
		<hitTest public="1" set="method"><f a="firstPoint:firstAlphaThreshold:secondObject:?secondBitmapDataPoint:?secondAlphaThreshold">
	<c path="flash.geom.Point"/>
	<t path="UInt"/>
	<d/>
	<c path="flash.geom.Point"/>
	<t path="UInt"/>
	<e path="Bool"/>
</f></hitTest>
		<lock public="1" set="method"><f a=""><e path="Void"/></f></lock>
		<merge public="1" set="method"><f a="sourceBitmapData:sourceRect:destPoint:redMultiplier:greenMultiplier:blueMultiplier:alphaMultiplier">
	<c path="flash.display.BitmapData"/>
	<c path="flash.geom.Rectangle"/>
	<c path="flash.geom.Point"/>
	<t path="UInt"/>
	<t path="UInt"/>
	<t path="UInt"/>
	<t path="UInt"/>
	<e path="Void"/>
</f></merge>
		<noise public="1" set="method"><f a="randomSeed:?low:?high:?channelOptions:?grayScale">
	<c path="Int"/>
	<t path="UInt"/>
	<t path="UInt"/>
	<t path="UInt"/>
	<e path="Bool"/>
	<e path="Void"/>
</f></noise>
		<paletteMap public="1" set="method"><f a="sourceBitmapData:sourceRect:destPoint:?redArray:?greenArray:?blueArray:?alphaArray">
	<c path="flash.display.BitmapData"/>
	<c path="flash.geom.Rectangle"/>
	<c path="flash.geom.Point"/>
	<c path="Array"><c path="Int"/></c>
	<c path="Array"><c path="Int"/></c>
	<c path="Array"><c path="Int"/></c>
	<c path="Array"><c path="Int"/></c>
	<e path="Void"/>
</f></paletteMap>
		<perlinNoise public="1" set="method"><f a="baseX:baseY:numOctaves:randomSeed:stitch:fractalNoise:?channelOptions:?grayScale:?offsets">
	<c path="Float"/>
	<c path="Float"/>
	<t path="UInt"/>
	<c path="Int"/>
	<e path="Bool"/>
	<e path="Bool"/>
	<t path="UInt"/>
	<e path="Bool"/>
	<c path="Array"><c path="flash.geom.Point"/></c>
	<e path="Void"/>
</f></perlinNoise>
		<pixelDissolve public="1" set="method"><f a="sourceBitmapData:sourceRect:destPoint:?randomSeed:?numPixels:?fillColor">
	<c path="flash.display.BitmapData"/>
	<c path="flash.geom.Rectangle"/>
	<c path="flash.geom.Point"/>
	<c path="Int"/>
	<c path="Int"/>
	<t path="UInt"/>
	<c path="Int"/>
</f></pixelDissolve>
		<scroll public="1" set="method"><f a="x:y">
	<c path="Int"/>
	<c path="Int"/>
	<e path="Void"/>
</f></scroll>
		<setPixel public="1" set="method"><f a="x:y:color">
	<c path="Int"/>
	<c path="Int"/>
	<t path="UInt"/>
	<e path="Void"/>
</f></setPixel>
		<setPixel32 public="1" set="method"><f a="x:y:color">
	<c path="Int"/>
	<c path="Int"/>
	<t path="UInt"/>
	<e path="Void"/>
</f></setPixel32>
		<setPixels public="1" set="method"><f a="rect:inputByteArray">
	<c path="flash.geom.Rectangle"/>
	<c path="flash.utils.ByteArray"/>
	<e path="Void"/>
</f></setPixels>
		<threshold public="1" set="method"><f a="sourceBitmapData:sourceRect:destPoint:operation:threshold:?color:?mask:?copySource">
	<c path="flash.display.BitmapData"/>
	<c path="flash.geom.Rectangle"/>
	<c path="flash.geom.Point"/>
	<c path="String"/>
	<t path="UInt"/>
	<t path="UInt"/>
	<t path="UInt"/>
	<e path="Bool"/>
	<t path="UInt"/>
</f></threshold>
		<unlock public="1" set="method"><f a="?changeRect">
	<c path="flash.geom.Rectangle"/>
	<e path="Void"/>
</f></unlock>
		<new public="1" set="method"><f a="width:height:?transparent:?fillColor">
	<c path="Int"/>
	<c path="Int"/>
	<e path="Bool"/>
	<t path="UInt"/>
	<e path="Void"/>
</f></new>
	</class>
	<class path="flash.events.IEventDispatcher" params="" file="/usr/lib/haxe/std/flash9/events/IEventDispatcher.hx" extern="1" interface="1">
		<addEventListener public="1" set="method"><f a="type:listener:?useCapture:?priority:?useWeakReference">
	<c path="String"/>
	<f a="">
		<d/>
		<e path="Void"/>
	</f>
	<e path="Bool"/>
	<c path="Int"/>
	<e path="Bool"/>
	<e path="Void"/>
</f></addEventListener>
		<dispatchEvent public="1" set="method"><f a="event">
	<c path="flash.events.Event"/>
	<e path="Bool"/>
</f></dispatchEvent>
		<hasEventListener public="1" set="method"><f a="type">
	<c path="String"/>
	<e path="Bool"/>
</f></hasEventListener>
		<removeEventListener public="1" set="method"><f a="type:listener:?useCapture">
	<c path="String"/>
	<f a="">
		<d/>
		<e path="Void"/>
	</f>
	<e path="Bool"/>
	<e path="Void"/>
</f></removeEventListener>
		<willTrigger public="1" set="method"><f a="type">
	<c path="String"/>
	<e path="Bool"/>
</f></willTrigger>
	</class>
	<class path="flash.events.EventDispatcher" params="" file="/usr/lib/haxe/std/flash9/events/EventDispatcher.hx" extern="1">
		<implements path="flash.events.IEventDispatcher"/>
		<addEventListener public="1" set="method"><f a="type:listener:?useCapture:?priority:?useWeakReference">
	<c path="String"/>
	<f a="">
		<d/>
		<e path="Void"/>
	</f>
	<e path="Bool"/>
	<c path="Int"/>
	<e path="Bool"/>
	<e path="Void"/>
</f></addEventListener>
		<dispatchEvent public="1" set="method"><f a="event">
	<c path="flash.events.Event"/>
	<e path="Bool"/>
</f></dispatchEvent>
		<hasEventListener public="1" set="method"><f a="type">
	<c path="String"/>
	<e path="Bool"/>
</f></hasEventListener>
		<removeEventListener public="1" set="method"><f a="type:listener:?useCapture">
	<c path="String"/>
	<f a="">
		<d/>
		<e path="Void"/>
	</f>
	<e path="Bool"/>
	<e path="Void"/>
</f></removeEventListener>
		<toString public="1" set="method"><f a=""><c path="String"/></f></toString>
		<willTrigger public="1" set="method"><f a="type">
	<c path="String"/>
	<e path="Bool"/>
</f></willTrigger>
		<new public="1" set="method"><f a="?target">
	<c path="flash.events.IEventDispatcher"/>
	<e path="Void"/>
</f></new>
	</class>
	<class path="flash.display.LoaderInfo" params="" file="/usr/lib/haxe/std/flash9/display/LoaderInfo.hx" extern="1">
		<extends path="flash.events.EventDispatcher"/>
		<getLoaderInfoByDefinition public="1" set="method" static="1">
			<f a="object">
				<d/>
				<c path="flash.display.LoaderInfo"/>
			</f>
			<haxe_doc> new in FP 9.0.115 </haxe_doc>
		</getLoaderInfoByDefinition>
		<actionScriptVersion public="1" set="null"><e path="flash.display.ActionScriptVersion"/></actionScriptVersion>
		<applicationDomain public="1" set="null"><c path="flash.system.ApplicationDomain"/></applicationDomain>
		<bytes public="1" set="null">
			<c path="flash.utils.ByteArray"/>
			<haxe_doc> new in FP 9.0.115 </haxe_doc>
		</bytes>
		<bytesLoaded public="1" set="null"><t path="UInt"/></bytesLoaded>
		<bytesTotal public="1" set="null"><t path="UInt"/></bytesTotal>
		<childAllowsParent public="1" set="null"><e path="Bool"/></childAllowsParent>
		<content public="1" set="null"><c path="flash.display.DisplayObject"/></content>
		<contentType public="1" set="null"><c path="String"/></contentType>
		<frameRate public="1" set="null"><c path="Float"/></frameRate>
		<height public="1" set="null"><c path="Int"/></height>
		<loader public="1" set="null"><c path="flash.display.Loader"/></loader>
		<loaderURL public="1" set="null"><c path="String"/></loaderURL>
		<parameters public="1" set="null"><d><c path="String"/></d></parameters>
		<parentAllowsChild public="1" set="null"><e path="Bool"/></parentAllowsChild>
		<sameDomain public="1" set="null"><e path="Bool"/></sameDomain>
		<sharedEvents public="1" set="null"><c path="flash.events.EventDispatcher"/></sharedEvents>
		<swfVersion public="1" set="null"><e path="flash.display.SWFVersion"/></swfVersion>
		<url public="1" set="null"><c path="String"/></url>
		<width public="1" set="null"><c path="Int"/></width>
	</class>
	<enum path="flash.text.AntiAliasType" params="" file="/usr/lib/haxe/std/flash9/text/AntiAliasType.hx">
		<NORMAL/>
		<ADVANCED/>
	</enum>
	<enum path="flash.display.StageDisplayState" params="" file="/usr/lib/haxe/std/flash9/display/StageDisplayState.hx">
		<NORMAL/>
		<FULL_SCREEN/>
	</enum>
	<class path="String" params="" file="/usr/lib/haxe/std/String.hx" extern="1">
		<fromCharCode public="1" set="method" static="1"><f a="code">
	<c path="Int"/>
	<c path="String"/>
</f></fromCharCode>
		<length public="1" set="null">
			<c path="Int"/>
			<haxe_doc>
		The number of characters in the String.
	</haxe_doc>
		</length>
		<toUpperCase public="1" set="method">
			<f a=""><c path="String"/></f>
			<haxe_doc>
		Returns an String where all characters have been uppercased.
	</haxe_doc>
		</toUpperCase>
		<toLowerCase public="1" set="method">
			<f a=""><c path="String"/></f>
			<haxe_doc>
		Returns an String where all characters have been lowercased.
	</haxe_doc>
		</toLowerCase>
		<charAt public="1" set="method">
			<f a="index">
				<c path="Int"/>
				<c path="String"/>
			</f>
			<haxe_doc>
		Returns the character at the given position.
		Returns the empty String if outside of String bounds.
	</haxe_doc>
		</charAt>
		<charCodeAt public="1" set="method">
			<f a="index">
				<c path="Int"/>
				<t path="Null"><c path="Int"/></t>
			</f>
			<haxe_doc>
		Returns the character code at the given position.
		Returns [null] if outside of String bounds.
	</haxe_doc>
		</charCodeAt>
		<indexOf public="1" set="method">
			<f a="str:?startIndex">
				<c path="String"/>
				<c path="Int"/>
				<c path="Int"/>
			</f>
			<haxe_doc>
		Returns the index of first occurence of [value]
		Returns [1-1] if [value] is not found.
		The optional [startIndex] parameter allows you to specify at which character to start searching.
		The position returned is still relative to the beginning of the string.
	</haxe_doc>
		</indexOf>
		<lastIndexOf public="1" set="method">
			<f a="str:?startIndex">
				<c path="String"/>
				<c path="Int"/>
				<c path="Int"/>
			</f>
			<haxe_doc>
		Similar to [indexOf] but returns the latest index.
	</haxe_doc>
		</lastIndexOf>
		<split public="1" set="method">
			<f a="delimiter">
				<c path="String"/>
				<c path="Array"><c path="String"/></c>
			</f>
			<haxe_doc>
		Split the string using the specified delimiter.
	</haxe_doc>
		</split>
		<substr public="1" set="method">
			<f a="pos:?len">
				<c path="Int"/>
				<c path="Int"/>
				<c path="String"/>
			</f>
			<haxe_doc>
		Returns a part of the String, taking [len] characters starting from [pos].
		If [len] is not specified, it takes all the remaining characters.
	</haxe_doc>
		</substr>
		<toString public="1" set="method">
			<f a=""><c path="String"/></f>
			<haxe_doc>
		Returns the String itself.
	</haxe_doc>
		</toString>
		<cca set="method"><f a="pos">
	<c path="Int"/>
	<c path="Int"/>
</f></cca>
		<new public="1" set="method">
			<f a="string">
				<c path="String"/>
				<e path="Void"/>
			</f>
			<haxe_doc>
		Creates a copy from a given String.
	</haxe_doc>
		</new>
		<haxe_doc>
	The basic String class.
</haxe_doc>
	</class>
	<class path="flash.Lib" params="" file="/usr/lib/haxe/std/flash9/Lib.hx">
		<current public="1" static="1"><c path="flash.display.MovieClip"/></current>
		<getTimer public="1" get="inline" set="null" line="31" static="1"><f a=""><c path="Int"/></f></getTimer>
		<eval public="1" set="method" line="35" static="1"><f a="path">
	<c path="String"/>
	<d/>
</f></eval>
		<getURL public="1" set="method" line="55" static="1"><f a="url:?target">
	<c path="flash.net.URLRequest"/>
	<c path="String"/>
	<e path="Void"/>
</f></getURL>
		<fscommand public="1" set="method" line="63" static="1"><f a="cmd:?param">
	<c path="String"/>
	<c path="String"/>
	<e path="Void"/>
</f></fscommand>
		<trace public="1" set="method" line="67" static="1"><f a="arg">
	<d/>
	<e path="Void"/>
</f></trace>
		<attach public="1" set="method" line="71" static="1"><f a="name">
	<c path="String"/>
	<c path="flash.display.MovieClip"/>
</f></attach>
		<as public="1" params="T" get="inline" set="null" line="76" static="1"><f a="v:c">
	<d/>
	<c path="Class"><c path="as.T"/></c>
	<t path="Null"><c path="as.T"/></t>
</f></as>
	</class>
	<class path="flash.net.URLRequestHeader" params="" file="/usr/lib/haxe/std/flash9/net/URLRequestHeader.hx" extern="1">
		<name public="1"><c path="String"/></name>
		<value public="1"><c path="String"/></value>
		<new public="1" set="method"><f a="?name:?value">
	<c path="String"/>
	<c path="String"/>
	<e path="Void"/>
</f></new>
	</class>
	<class path="flash.system.LoaderContext" params="" file="/usr/lib/haxe/std/flash9/system/LoaderContext.hx" extern="1">
		<applicationDomain public="1"><c path="flash.system.ApplicationDomain"/></applicationDomain>
		<checkPolicyFile public="1"><e path="Bool"/></checkPolicyFile>
		<securityDomain public="1"><c path="flash.system.SecurityDomain"/></securityDomain>
		<new public="1" set="method"><f a="?checkPolicyFile:?applicationDomain:?securityDomain">
	<e path="Bool"/>
	<c path="flash.system.ApplicationDomain"/>
	<c path="flash.system.SecurityDomain"/>
	<e path="Void"/>
</f></new>
	</class>
	<enum path="flash.display.GradientType" params="" file="/usr/lib/haxe/std/flash9/display/GradientType.hx">
		<RADIAL/>
		<LINEAR/>
	</enum>
	<class path="flash.accessibility.AccessibilityImplementation" params="" file="/usr/lib/haxe/std/flash9/accessibility/AccessibilityImplementation.hx" extern="1">
		<errno public="1"><t path="UInt"/></errno>
		<stub public="1"><e path="Bool"/></stub>
		<accDoDefaultAction public="1" set="method"><f a="childID">
	<t path="UInt"/>
	<e path="Void"/>
</f></accDoDefaultAction>
		<accLocation public="1" set="method"><f a="childID">
	<t path="UInt"/>
	<d/>
</f></accLocation>
		<accSelect public="1" set="method"><f a="operation:childID">
	<t path="UInt"/>
	<t path="UInt"/>
	<e path="Void"/>
</f></accSelect>
		<getChildIDArray public="1" set="method"><f a=""><c path="Array"><d/></c></f></getChildIDArray>
		<get_accDefaultAction public="1" set="method"><f a="childID">
	<t path="UInt"/>
	<c path="String"/>
</f></get_accDefaultAction>
		<get_accFocus public="1" set="method"><f a=""><t path="UInt"/></f></get_accFocus>
		<get_accName public="1" set="method"><f a="childID">
	<t path="UInt"/>
	<c path="String"/>
</f></get_accName>
		<get_accRole public="1" set="method"><f a="childID">
	<t path="UInt"/>
	<t path="UInt"/>
</f></get_accRole>
		<get_accSelection public="1" set="method"><f a=""><c path="Array"><d/></c></f></get_accSelection>
		<get_accState public="1" set="method"><f a="childID">
	<t path="UInt"/>
	<t path="UInt"/>
</f></get_accState>
		<get_accValue public="1" set="method"><f a="childID">
	<t path="UInt"/>
	<c path="String"/>
</f></get_accValue>
		<isLabeledBy public="1" set="method"><f a="labelBounds">
	<c path="flash.geom.Rectangle"/>
	<e path="Bool"/>
</f></isLabeledBy>
		<new public="1" set="method"><f a=""><e path="Void"/></f></new>
	</class>
	<enum path="Void" params="" file="/usr/lib/haxe/std/StdTypes.hx" module="StdTypes"><haxe_doc>
	The standard Void type. Only [null] values can be of the type [Void].
</haxe_doc></enum>
	<class path="Float" params="" file="/usr/lib/haxe/std/StdTypes.hx" module="StdTypes" extern="1"><haxe_doc>
	The standard Float type, this is a double-precision IEEE 64bit float.
</haxe_doc></class>
	<class path="Int" params="" file="/usr/lib/haxe/std/StdTypes.hx" module="StdTypes" extern="1">
		<extends path="Float"/>
		<haxe_doc>
	The standard Int type. Its precision depends on the platform.
</haxe_doc>
	</class>
	<typedef path="UInt" params="" file="/usr/lib/haxe/std/StdTypes.hx" module="StdTypes">
		<c path="Int"/>
		<haxe_doc>
	The unsigned Int type is only defined for Flash9. It's currently
	handled the same as a normal Int.
</haxe_doc>
	</typedef>
	<typedef path="Null" params="T" file="/usr/lib/haxe/std/StdTypes.hx" module="StdTypes">
		<c path="Null.T"/>
		<haxe_doc>
	[Null] can be useful in two cases. In order to document some methods
	that accepts or can return a [null] value, or for the Flash9 compiler and AS3
	generator to distinguish between base values that can be null and others that
	can't.
</haxe_doc>
	</typedef>
	<enum path="Bool" params="" file="/usr/lib/haxe/std/StdTypes.hx" module="StdTypes">
		<true/>
		<false/>
		<haxe_doc>
	The standard Boolean type is represented as an enum with two choices.
</haxe_doc>
	</enum>
	<class path="Dynamic" params="T" file="/usr/lib/haxe/std/StdTypes.hx" module="StdTypes" extern="1"><haxe_doc>
	Dynamic is an internal compiler type which has special behavior.
	See the haXe language reference for more informations.
</haxe_doc></class>
	<typedef path="Iterator" params="T" file="/usr/lib/haxe/std/StdTypes.hx" module="StdTypes">
		<a>
			<next set="method"><f a=""><c path="Iterator.T"/></f></next>
			<hasNext set="method"><f a=""><e path="Bool"/></f></hasNext>
		</a>
		<haxe_doc>
	An Iterator is a structure that permits to list a given container
	values. It can be used by your own data structures. See the haXe
	documentation for more informations.
</haxe_doc>
	</typedef>
	<typedef path="Iterable" params="T" file="/usr/lib/haxe/std/StdTypes.hx" module="StdTypes">
		<a><iterator set="method"><f a=""><t path="Iterator"><c path="Iterable.T"/></t></f></iterator></a>
		<haxe_doc>
	An Iterable is a data structure which has an iterator() method.
	See [Lambda] for generic functions on iterable structures.
</haxe_doc>
	</typedef>
	<class path="ArrayAccess" params="T" file="/usr/lib/haxe/std/StdTypes.hx" module="StdTypes" extern="1" interface="1"><haxe_doc>
	ArrayAccess is used to indicate a class that can be accessed using brackets.
	The type parameter represent the type of the elements stored.
</haxe_doc></class>
	<class path="flash.display.DisplayObject" params="" file="/usr/lib/haxe/std/flash9/display/DisplayObject.hx" extern="1">
		<extends path="flash.events.EventDispatcher"/>
		<implements path="flash.display.IBitmapDrawable"/>
		<accessibilityProperties public="1"><c path="flash.accessibility.AccessibilityProperties"/></accessibilityProperties>
		<alpha public="1"><c path="Float"/></alpha>
		<blendMode public="1"><e path="flash.display.BlendMode"/></blendMode>
		<cacheAsBitmap public="1"><e path="Bool"/></cacheAsBitmap>
		<filters public="1"><c path="Array"><d/></c></filters>
		<height public="1"><c path="Float"/></height>
		<loaderInfo public="1" set="null"><c path="flash.display.LoaderInfo"/></loaderInfo>
		<mask public="1"><c path="flash.display.DisplayObject"/></mask>
		<mouseX public="1" set="null"><c path="Float"/></mouseX>
		<mouseY public="1" set="null"><c path="Float"/></mouseY>
		<name public="1"><c path="String"/></name>
		<opaqueBackground public="1"><t path="Null"><t path="UInt"/></t></opaqueBackground>
		<parent public="1" set="null"><c path="flash.display.DisplayObjectContainer"/></parent>
		<root public="1" set="null"><c path="flash.display.DisplayObject"/></root>
		<rotation public="1"><c path="Float"/></rotation>
		<scale9Grid public="1"><c path="flash.geom.Rectangle"/></scale9Grid>
		<scaleX public="1"><c path="Float"/></scaleX>
		<scaleY public="1"><c path="Float"/></scaleY>
		<scrollRect public="1"><c path="flash.geom.Rectangle"/></scrollRect>
		<stage public="1" set="null"><c path="flash.display.Stage"/></stage>
		<transform public="1"><c path="flash.geom.Transform"/></transform>
		<visible public="1"><e path="Bool"/></visible>
		<width public="1"><c path="Float"/></width>
		<x public="1"><c path="Float"/></x>
		<y public="1"><c path="Float"/></y>
		<getBounds public="1" set="method"><f a="targetCoordinateSpace">
	<c path="flash.display.DisplayObject"/>
	<c path="flash.geom.Rectangle"/>
</f></getBounds>
		<getRect public="1" set="method"><f a="targetCoordinateSpace">
	<c path="flash.display.DisplayObject"/>
	<c path="flash.geom.Rectangle"/>
</f></getRect>
		<globalToLocal public="1" set="method"><f a="point">
	<c path="flash.geom.Point"/>
	<c path="flash.geom.Point"/>
</f></globalToLocal>
		<hitTestObject public="1" set="method"><f a="obj">
	<c path="flash.display.DisplayObject"/>
	<e path="Bool"/>
</f></hitTestObject>
		<hitTestPoint public="1" set="method"><f a="x:y:?shapeFlag">
	<c path="Float"/>
	<c path="Float"/>
	<e path="Bool"/>
	<e path="Bool"/>
</f></hitTestPoint>
		<localToGlobal public="1" set="method"><f a="point">
	<c path="flash.geom.Point"/>
	<c path="flash.geom.Point"/>
</f></localToGlobal>
	</class>
	<class path="flash.display.InteractiveObject" params="" file="/usr/lib/haxe/std/flash9/display/InteractiveObject.hx" extern="1">
		<extends path="flash.display.DisplayObject"/>
		<accessibilityImplementation public="1"><c path="flash.accessibility.AccessibilityImplementation"/></accessibilityImplementation>
		<contextMenu public="1"><c path="flash.ui.ContextMenu"/></contextMenu>
		<doubleClickEnabled public="1"><e path="Bool"/></doubleClickEnabled>
		<focusRect public="1"><d/></focusRect>
		<mouseEnabled public="1"><e path="Bool"/></mouseEnabled>
		<tabEnabled public="1"><e path="Bool"/></tabEnabled>
		<tabIndex public="1"><c path="Int"/></tabIndex>
		<new public="1" set="method"><f a=""><e path="Void"/></f></new>
	</class>
	<class path="flash.display.DisplayObjectContainer" params="" file="/usr/lib/haxe/std/flash9/display/DisplayObjectContainer.hx" extern="1">
		<extends path="flash.display.InteractiveObject"/>
		<mouseChildren public="1"><e path="Bool"/></mouseChildren>
		<numChildren public="1" set="null"><c path="Int"/></numChildren>
		<tabChildren public="1"><e path="Bool"/></tabChildren>
		<textSnapshot public="1" set="null"><c path="flash.text.TextSnapshot"/></textSnapshot>
		<addChild public="1" set="method"><f a="child">
	<c path="flash.display.DisplayObject"/>
	<c path="flash.display.DisplayObject"/>
</f></addChild>
		<addChildAt public="1" set="method"><f a="child:index">
	<c path="flash.display.DisplayObject"/>
	<c path="Int"/>
	<c path="flash.display.DisplayObject"/>
</f></addChildAt>
		<areInaccessibleObjectsUnderPoint public="1" set="method"><f a="point">
	<c path="flash.geom.Point"/>
	<e path="Bool"/>
</f></areInaccessibleObjectsUnderPoint>
		<contains public="1" set="method"><f a="child">
	<c path="flash.display.DisplayObject"/>
	<e path="Bool"/>
</f></contains>
		<getChildAt public="1" set="method"><f a="index">
	<c path="Int"/>
	<c path="flash.display.DisplayObject"/>
</f></getChildAt>
		<getChildByName public="1" set="method"><f a="name">
	<c path="String"/>
	<c path="flash.display.DisplayObject"/>
</f></getChildByName>
		<getChildIndex public="1" set="method"><f a="child">
	<c path="flash.display.DisplayObject"/>
	<c path="Int"/>
</f></getChildIndex>
		<getObjectsUnderPoint public="1" set="method"><f a="point">
	<c path="flash.geom.Point"/>
	<c path="Array"><c path="flash.display.DisplayObject"/></c>
</f></getObjectsUnderPoint>
		<removeChild public="1" set="method"><f a="child">
	<c path="flash.display.DisplayObject"/>
	<c path="flash.display.DisplayObject"/>
</f></removeChild>
		<removeChildAt public="1" set="method"><f a="index">
	<c path="Int"/>
	<c path="flash.display.DisplayObject"/>
</f></removeChildAt>
		<setChildIndex public="1" set="method"><f a="child:index">
	<c path="flash.display.DisplayObject"/>
	<c path="Int"/>
	<e path="Void"/>
</f></setChildIndex>
		<swapChildren public="1" set="method"><f a="child1:child2">
	<c path="flash.display.DisplayObject"/>
	<c path="flash.display.DisplayObject"/>
	<e path="Void"/>
</f></swapChildren>
		<swapChildrenAt public="1" set="method"><f a="index1:index2">
	<c path="Int"/>
	<c path="Int"/>
	<e path="Void"/>
</f></swapChildrenAt>
		<new public="1" set="method"><f a=""><e path="Void"/></f></new>
	</class>
	<class path="flash.display.Sprite" params="" file="/usr/lib/haxe/std/flash9/display/Sprite.hx" extern="1">
		<extends path="flash.display.DisplayObjectContainer"/>
		<buttonMode public="1"><e path="Bool"/></buttonMode>
		<dropTarget public="1" set="null"><c path="flash.display.DisplayObject"/></dropTarget>
		<graphics public="1" set="null"><c path="flash.display.Graphics"/></graphics>
		<hitArea public="1"><c path="flash.display.Sprite"/></hitArea>
		<soundTransform public="1"><c path="flash.media.SoundTransform"/></soundTransform>
		<useHandCursor public="1"><e path="Bool"/></useHandCursor>
		<startDrag public="1" set="method"><f a="?lockCenter:?bounds">
	<e path="Bool"/>
	<c path="flash.geom.Rectangle"/>
	<e path="Void"/>
</f></startDrag>
		<stopDrag public="1" set="method"><f a=""><e path="Void"/></f></stopDrag>
		<new public="1" set="method"><f a=""><e path="Void"/></f></new>
	</class>
	<enum path="flash.display.StageAlign" params="" file="/usr/lib/haxe/std/flash9/display/StageAlign.hx">
		<TOP_RIGHT/>
		<TOP_LEFT/>
		<TOP/>
		<RIGHT/>
		<LEFT/>
		<BOTTOM_RIGHT/>
		<BOTTOM_LEFT/>
		<BOTTOM/>
	</enum>
	<class path="flash.display.Stage" params="" file="/usr/lib/haxe/std/flash9/display/Stage.hx" extern="1">
		<extends path="flash.display.DisplayObjectContainer"/>
		<align public="1"><e path="flash.display.StageAlign"/></align>
		<focus public="1"><c path="flash.display.InteractiveObject"/></focus>
		<frameRate public="1"><c path="Float"/></frameRate>
		<quality public="1"><e path="flash.display.StageQuality"/></quality>
		<scaleMode public="1"><e path="flash.display.StageScaleMode"/></scaleMode>
		<showDefaultContextMenu public="1"><e path="Bool"/></showDefaultContextMenu>
		<stageFocusRect public="1"><e path="Bool"/></stageFocusRect>
		<stageHeight public="1"><c path="Int"/></stageHeight>
		<stageWidth public="1"><c path="Int"/></stageWidth>
		<invalidate public="1" set="method"><f a=""><e path="Void"/></f></invalidate>
		<isFocusInaccessible public="1" set="method"><f a=""><e path="Bool"/></f></isFocusInaccessible>
		<displayState public="1"><e path="flash.display.StageDisplayState"/></displayState>
		<fullScreenHeight public="1" set="null"><t path="UInt"/></fullScreenHeight>
		<fullScreenSourceRect public="1"><c path="flash.geom.Rectangle"/></fullScreenSourceRect>
		<fullScreenWidth public="1" set="null"><t path="UInt"/></fullScreenWidth>
	</class>
	<class path="flash.media.SoundTransform" params="" file="/usr/lib/haxe/std/flash9/media/SoundTransform.hx" extern="1">
		<leftToLeft public="1"><c path="Float"/></leftToLeft>
		<leftToRight public="1"><c path="Float"/></leftToRight>
		<pan public="1"><c path="Float"/></pan>
		<rightToLeft public="1"><c path="Float"/></rightToLeft>
		<rightToRight public="1"><c path="Float"/></rightToRight>
		<volume public="1"><c path="Float"/></volume>
		<new public="1" set="method"><f a="?vol:?panning">
	<c path="Float"/>
	<c path="Float"/>
	<e path="Void"/>
</f></new>
	</class>
	<class path="flash.display.Graphics" params="" file="/usr/lib/haxe/std/flash9/display/Graphics.hx" extern="1">
		<beginBitmapFill public="1" set="method"><f a="bitmap:?matrix:?repeat:?smooth">
	<c path="flash.display.BitmapData"/>
	<c path="flash.geom.Matrix"/>
	<e path="Bool"/>
	<e path="Bool"/>
	<e path="Void"/>
</f></beginBitmapFill>
		<beginFill public="1" set="method"><f a="color:?alpha">
	<t path="UInt"/>
	<c path="Float"/>
	<e path="Void"/>
</f></beginFill>
		<beginGradientFill public="1" set="method"><f a="type:colors:alphas:ratios:?matrix:?spreadMethod:?interpolationMethod:?focalPointRatio">
	<e path="flash.display.GradientType"/>
	<c path="Array"><t path="UInt"/></c>
	<c path="Array"><d/></c>
	<c path="Array"><d/></c>
	<c path="flash.geom.Matrix"/>
	<e path="flash.display.SpreadMethod"/>
	<e path="flash.display.InterpolationMethod"/>
	<c path="Float"/>
	<e path="Void"/>
</f></beginGradientFill>
		<clear public="1" set="method"><f a=""><e path="Void"/></f></clear>
		<curveTo public="1" set="method"><f a="controlX:controlY:anchorX:anchorY">
	<c path="Float"/>
	<c path="Float"/>
	<c path="Float"/>
	<c path="Float"/>
	<e path="Void"/>
</f></curveTo>
		<drawCircle public="1" set="method"><f a="x:y:radius">
	<c path="Float"/>
	<c path="Float"/>
	<c path="Float"/>
	<e path="Void"/>
</f></drawCircle>
		<drawEllipse public="1" set="method"><f a="x:y:width:height">
	<c path="Float"/>
	<c path="Float"/>
	<c path="Float"/>
	<c path="Float"/>
	<e path="Void"/>
</f></drawEllipse>
		<drawRect public="1" set="method"><f a="x:y:width:height">
	<c path="Float"/>
	<c path="Float"/>
	<c path="Float"/>
	<c path="Float"/>
	<e path="Void"/>
</f></drawRect>
		<drawRoundRect public="1" set="method"><f a="x:y:width:height:ellipseWidth:?ellipseHeight">
	<c path="Float"/>
	<c path="Float"/>
	<c path="Float"/>
	<c path="Float"/>
	<c path="Float"/>
	<c path="Float"/>
	<e path="Void"/>
</f></drawRoundRect>
		<drawRoundRectComplex public="1" set="method"><f a="x:y:width:height:topLeftRadius:topRightRadius:bottomLeftRadius:bottomRightRadius">
	<c path="Float"/>
	<c path="Float"/>
	<c path="Float"/>
	<c path="Float"/>
	<c path="Float"/>
	<c path="Float"/>
	<c path="Float"/>
	<c path="Float"/>
	<e path="Void"/>
</f></drawRoundRectComplex>
		<endFill public="1" set="method"><f a=""><e path="Void"/></f></endFill>
		<lineGradientStyle public="1" set="method"><f a="type:colors:alphas:ratios:?matrix:?spreadMethod:?interpolationMethod:?focalPointRatio">
	<e path="flash.display.GradientType"/>
	<c path="Array"><t path="UInt"/></c>
	<c path="Array"><d/></c>
	<c path="Array"><d/></c>
	<c path="flash.geom.Matrix"/>
	<e path="flash.display.SpreadMethod"/>
	<e path="flash.display.InterpolationMethod"/>
	<c path="Float"/>
	<e path="Void"/>
</f></lineGradientStyle>
		<lineStyle public="1" set="method"><f a="?thickness:?color:?alpha:?pixelHinting:?scaleMode:?caps:?joints:?miterLimit">
	<c path="Float"/>
	<t path="UInt"/>
	<c path="Float"/>
	<e path="Bool"/>
	<e path="flash.display.LineScaleMode"/>
	<e path="flash.display.CapsStyle"/>
	<e path="flash.display.JointStyle"/>
	<c path="Float"/>
	<e path="Void"/>
</f></lineStyle>
		<lineTo public="1" set="method"><f a="x:y">
	<c path="Float"/>
	<c path="Float"/>
	<e path="Void"/>
</f></lineTo>
		<moveTo public="1" set="method"><f a="x:y">
	<c path="Float"/>
	<c path="Float"/>
	<e path="Void"/>
</f></moveTo>
		<new public="1" set="method"><f a=""><e path="Void"/></f></new>
	</class>
	<class path="flash.text.TextField" params="" file="/usr/lib/haxe/std/flash9/text/TextField.hx" extern="1">
		<extends path="flash.display.InteractiveObject"/>
		<alwaysShowSelection public="1"><e path="Bool"/></alwaysShowSelection>
		<antiAliasType public="1"><e path="flash.text.AntiAliasType"/></antiAliasType>
		<autoSize public="1"><e path="flash.text.TextFieldAutoSize"/></autoSize>
		<background public="1"><e path="Bool"/></background>
		<backgroundColor public="1"><t path="UInt"/></backgroundColor>
		<border public="1"><e path="Bool"/></border>
		<borderColor public="1"><t path="UInt"/></borderColor>
		<bottomScrollV public="1" set="null"><c path="Int"/></bottomScrollV>
		<caretIndex public="1" set="null"><c path="Int"/></caretIndex>
		<condenseWhite public="1"><e path="Bool"/></condenseWhite>
		<defaultTextFormat public="1"><c path="flash.text.TextFormat"/></defaultTextFormat>
		<displayAsPassword public="1"><e path="Bool"/></displayAsPassword>
		<embedFonts public="1"><e path="Bool"/></embedFonts>
		<gridFitType public="1"><e path="flash.text.GridFitType"/></gridFitType>
		<htmlText public="1"><c path="String"/></htmlText>
		<length public="1" set="null"><c path="Int"/></length>
		<maxChars public="1"><c path="Int"/></maxChars>
		<maxScrollH public="1" set="null"><c path="Int"/></maxScrollH>
		<maxScrollV public="1" set="null"><c path="Int"/></maxScrollV>
		<mouseWheelEnabled public="1"><e path="Bool"/></mouseWheelEnabled>
		<multiline public="1"><e path="Bool"/></multiline>
		<numLines public="1" set="null"><c path="Int"/></numLines>
		<restrict public="1"><c path="String"/></restrict>
		<scrollH public="1"><c path="Int"/></scrollH>
		<scrollV public="1"><c path="Int"/></scrollV>
		<selectable public="1"><e path="Bool"/></selectable>
		<selectedText public="1" set="null"><c path="String"/></selectedText>
		<selectionBeginIndex public="1" set="null"><c path="Int"/></selectionBeginIndex>
		<selectionEndIndex public="1" set="null"><c path="Int"/></selectionEndIndex>
		<sharpness public="1"><c path="Float"/></sharpness>
		<styleSheet public="1"><c path="flash.text.StyleSheet"/></styleSheet>
		<text public="1"><c path="String"/></text>
		<textColor public="1"><t path="UInt"/></textColor>
		<textHeight public="1" set="null"><c path="Float"/></textHeight>
		<textWidth public="1" set="null"><c path="Float"/></textWidth>
		<thickness public="1"><c path="Float"/></thickness>
		<type public="1"><e path="flash.text.TextFieldType"/></type>
		<useRichTextClipboard public="1"><e path="Bool"/></useRichTextClipboard>
		<wordWrap public="1"><e path="Bool"/></wordWrap>
		<appendText public="1" set="method"><f a="newText">
	<c path="String"/>
	<e path="Void"/>
</f></appendText>
		<getCharBoundaries public="1" set="method"><f a="charIndex">
	<c path="Int"/>
	<c path="flash.geom.Rectangle"/>
</f></getCharBoundaries>
		<getCharIndexAtPoint public="1" set="method"><f a="x:y">
	<c path="Float"/>
	<c path="Float"/>
	<c path="Int"/>
</f></getCharIndexAtPoint>
		<getFirstCharInParagraph public="1" set="method"><f a="charIndex">
	<c path="Int"/>
	<c path="Int"/>
</f></getFirstCharInParagraph>
		<getImageReference public="1" set="method"><f a="id">
	<c path="String"/>
	<c path="flash.display.DisplayObject"/>
</f></getImageReference>
		<getLineIndexAtPoint public="1" set="method"><f a="x:y">
	<c path="Float"/>
	<c path="Float"/>
	<c path="Int"/>
</f></getLineIndexAtPoint>
		<getLineIndexOfChar public="1" set="method"><f a="charIndex">
	<c path="Int"/>
	<c path="Int"/>
</f></getLineIndexOfChar>
		<getLineLength public="1" set="method"><f a="lineIndex">
	<c path="Int"/>
	<c path="Int"/>
</f></getLineLength>
		<getLineMetrics public="1" set="method"><f a="lineIndex">
	<c path="Int"/>
	<c path="flash.text.TextLineMetrics"/>
</f></getLineMetrics>
		<getLineOffset public="1" set="method"><f a="lineIndex">
	<c path="Int"/>
	<c path="Int"/>
</f></getLineOffset>
		<getLineText public="1" set="method"><f a="lineIndex">
	<c path="Int"/>
	<c path="String"/>
</f></getLineText>
		<getParagraphLength public="1" set="method"><f a="charIndex">
	<c path="Int"/>
	<c path="Int"/>
</f></getParagraphLength>
		<getRawText public="1" set="method"><f a=""><c path="String"/></f></getRawText>
		<getTextFormat public="1" set="method"><f a="?beginIndex:?endIndex">
	<c path="Int"/>
	<c path="Int"/>
	<c path="flash.text.TextFormat"/>
</f></getTextFormat>
		<getTextRuns public="1" set="method"><f a="?beginIndex:?endIndex">
	<c path="Int"/>
	<c path="Int"/>
	<c path="Array"><d/></c>
</f></getTextRuns>
		<getXMLText public="1" set="method"><f a="?beginIndex:?endIndex">
	<c path="Int"/>
	<c path="Int"/>
	<c path="String"/>
</f></getXMLText>
		<insertXMLText public="1" set="method"><f a="beginIndex:endIndex:richText:?pasting">
	<c path="Int"/>
	<c path="Int"/>
	<c path="String"/>
	<e path="Bool"/>
	<e path="Void"/>
</f></insertXMLText>
		<replaceSelectedText public="1" set="method"><f a="value">
	<c path="String"/>
	<e path="Void"/>
</f></replaceSelectedText>
		<replaceText public="1" set="method"><f a="beginIndex:endIndex:newText">
	<c path="Int"/>
	<c path="Int"/>
	<c path="String"/>
	<e path="Void"/>
</f></replaceText>
		<setSelection public="1" set="method"><f a="beginIndex:endIndex">
	<c path="Int"/>
	<c path="Int"/>
	<e path="Void"/>
</f></setSelection>
		<setTextFormat public="1" set="method"><f a="format:?beginIndex:?endIndex">
	<c path="flash.text.TextFormat"/>
	<c path="Int"/>
	<c path="Int"/>
	<e path="Void"/>
</f></setTextFormat>
		<new public="1" set="method"><f a=""><e path="Void"/></f></new>
	</class>
	<enum path="flash.display.LineScaleMode" params="" file="/usr/lib/haxe/std/flash9/display/LineScaleMode.hx">
		<VERTICAL/>
		<NORMAL/>
		<NONE/>
		<HORIZONTAL/>
	</enum>
	<class path="flash.display.Loader" params="" file="/usr/lib/haxe/std/flash9/display/Loader.hx" extern="1">
		<extends path="flash.display.DisplayObjectContainer"/>
		<content public="1" set="null"><c path="flash.display.DisplayObject"/></content>
		<contentLoaderInfo public="1" set="null"><c path="flash.display.LoaderInfo"/></contentLoaderInfo>
		<close public="1" set="method"><f a=""><e path="Void"/></f></close>
		<load public="1" set="method"><f a="request:?context">
	<c path="flash.net.URLRequest"/>
	<c path="flash.system.LoaderContext"/>
	<e path="Void"/>
</f></load>
		<loadBytes public="1" set="method"><f a="bytes:?context">
	<c path="flash.utils.ByteArray"/>
	<c path="flash.system.LoaderContext"/>
	<e path="Void"/>
</f></loadBytes>
		<unload public="1" set="method"><f a=""><e path="Void"/></f></unload>
		<new public="1" set="method"><f a=""><e path="Void"/></f></new>
	</class>
	<class path="flash.ui.ContextMenuBuiltInItems" params="" file="/usr/lib/haxe/std/flash9/ui/ContextMenuBuiltInItems.hx" extern="1">
		<forwardAndBack public="1"><e path="Bool"/></forwardAndBack>
		<loop public="1"><e path="Bool"/></loop>
		<play public="1"><e path="Bool"/></play>
		<print public="1"><e path="Bool"/></print>
		<quality public="1"><e path="Bool"/></quality>
		<rewind public="1"><e path="Bool"/></rewind>
		<save public="1"><e path="Bool"/></save>
		<zoom public="1"><e path="Bool"/></zoom>
		<clone public="1" set="method"><f a=""><c path="flash.ui.ContextMenuBuiltInItems"/></f></clone>
		<new public="1" set="method"><f a=""><e path="Void"/></f></new>
	</class>
	<class path="Class" params="T" file="/usr/lib/haxe/std/Class.hx" extern="1"><haxe_doc>
	An abstract type that represents a Class.
	See [Type] for the haXe Reflection API.
</haxe_doc></class>
	<class path="flash.geom.ColorTransform" params="" file="/usr/lib/haxe/std/flash9/geom/ColorTransform.hx" extern="1">
		<alphaMultiplier public="1"><c path="Float"/></alphaMultiplier>
		<alphaOffset public="1"><c path="Float"/></alphaOffset>
		<blueMultiplier public="1"><c path="Float"/></blueMultiplier>
		<blueOffset public="1"><c path="Float"/></blueOffset>
		<color public="1"><t path="UInt"/></color>
		<greenMultiplier public="1"><c path="Float"/></greenMultiplier>
		<greenOffset public="1"><c path="Float"/></greenOffset>
		<redMultiplier public="1"><c path="Float"/></redMultiplier>
		<redOffset public="1"><c path="Float"/></redOffset>
		<concat public="1" set="method"><f a="second">
	<c path="flash.geom.ColorTransform"/>
	<e path="Void"/>
</f></concat>
		<toString public="1" set="method"><f a=""><c path="String"/></f></toString>
		<new public="1" set="method"><f a="?redMultiplier:?greenMultiplier:?blueMultiplier:?alphaMultiplier:?redOffset:?greenOffset:?blueOffset:?alphaOffset">
	<c path="Float"/>
	<c path="Float"/>
	<c path="Float"/>
	<c path="Float"/>
	<c path="Float"/>
	<c path="Float"/>
	<c path="Float"/>
	<c path="Float"/>
	<e path="Void"/>
</f></new>
	</class>
	<class path="flash.text.TextSnapshot" params="" file="/usr/lib/haxe/std/flash9/text/TextSnapshot.hx" extern="1">
		<charCount public="1" set="null"><c path="Int"/></charCount>
		<findText public="1" set="method"><f a="beginIndex:textToFind:caseSensitive">
	<c path="Int"/>
	<c path="String"/>
	<e path="Bool"/>
	<c path="Int"/>
</f></findText>
		<getSelected public="1" set="method"><f a="beginIndex:endIndex">
	<c path="Int"/>
	<c path="Int"/>
	<e path="Bool"/>
</f></getSelected>
		<getSelectedText public="1" set="method"><f a="?includeLineEndings">
	<e path="Bool"/>
	<c path="String"/>
</f></getSelectedText>
		<getText public="1" set="method"><f a="beginIndex:endIndex:?includeLineEndings">
	<c path="Int"/>
	<c path="Int"/>
	<e path="Bool"/>
	<c path="String"/>
</f></getText>
		<getTextRunInfo public="1" set="method"><f a="beginIndex:endIndex">
	<c path="Int"/>
	<c path="Int"/>
	<c path="Array"><d/></c>
</f></getTextRunInfo>
		<hitTestTextNearPos public="1" set="method"><f a="x:y:?maxDistance">
	<c path="Float"/>
	<c path="Float"/>
	<c path="Float"/>
	<c path="Float"/>
</f></hitTestTextNearPos>
		<setSelectColor public="1" set="method"><f a="?hexColor">
	<t path="UInt"/>
	<e path="Void"/>
</f></setSelectColor>
		<setSelected public="1" set="method"><f a="beginIndex:endIndex:select">
	<c path="Int"/>
	<c path="Int"/>
	<e path="Bool"/>
	<e path="Void"/>
</f></setSelected>
		<new public="1" set="method"><f a=""><e path="Void"/></f></new>
	</class>
	<class path="flash.geom.Rectangle" params="" file="/usr/lib/haxe/std/flash9/geom/Rectangle.hx" extern="1">
		<bottom public="1"><c path="Float"/></bottom>
		<bottomRight public="1"><c path="flash.geom.Point"/></bottomRight>
		<height public="1"><c path="Float"/></height>
		<left public="1"><c path="Float"/></left>
		<right public="1"><c path="Float"/></right>
		<size public="1"><c path="flash.geom.Point"/></size>
		<top public="1"><c path="Float"/></top>
		<topLeft public="1"><c path="flash.geom.Point"/></topLeft>
		<width public="1"><c path="Float"/></width>
		<x public="1"><c path="Float"/></x>
		<y public="1"><c path="Float"/></y>
		<clone public="1" set="method"><f a=""><c path="flash.geom.Rectangle"/></f></clone>
		<contains public="1" set="method"><f a="x:y">
	<c path="Float"/>
	<c path="Float"/>
	<e path="Bool"/>
</f></contains>
		<containsPoint public="1" set="method"><f a="point">
	<c path="flash.geom.Point"/>
	<e path="Bool"/>
</f></containsPoint>
		<containsRect public="1" set="method"><f a="rect">
	<c path="flash.geom.Rectangle"/>
	<e path="Bool"/>
</f></containsRect>
		<equals public="1" set="method"><f a="toCompare">
	<c path="flash.geom.Rectangle"/>
	<e path="Bool"/>
</f></equals>
		<inflate public="1" set="method"><f a="dx:dy">
	<c path="Float"/>
	<c path="Float"/>
	<e path="Void"/>
</f></inflate>
		<inflatePoint public="1" set="method"><f a="point">
	<c path="flash.geom.Point"/>
	<e path="Void"/>
</f></inflatePoint>
		<intersection public="1" set="method"><f a="toIntersect">
	<c path="flash.geom.Rectangle"/>
	<c path="flash.geom.Rectangle"/>
</f></intersection>
		<intersects public="1" set="method"><f a="toIntersect">
	<c path="flash.geom.Rectangle"/>
	<e path="Bool"/>
</f></intersects>
		<isEmpty public="1" set="method"><f a=""><e path="Bool"/></f></isEmpty>
		<offset public="1" set="method"><f a="dx:dy">
	<c path="Float"/>
	<c path="Float"/>
	<e path="Void"/>
</f></offset>
		<offsetPoint public="1" set="method"><f a="point">
	<c path="flash.geom.Point"/>
	<e path="Void"/>
</f></offsetPoint>
		<setEmpty public="1" set="method"><f a=""><e path="Void"/></f></setEmpty>
		<toString public="1" set="method"><f a=""><c path="String"/></f></toString>
		<union public="1" set="method"><f a="toUnion">
	<c path="flash.geom.Rectangle"/>
	<c path="flash.geom.Rectangle"/>
</f></union>
		<new public="1" set="method"><f a="?x:?y:?width:?height">
	<c path="Float"/>
	<c path="Float"/>
	<c path="Float"/>
	<c path="Float"/>
	<e path="Void"/>
</f></new>
	</class>
	<class path="IntIter" params="" file="/usr/lib/haxe/std/IntIter.hx">
		<min><c path="Int"/></min>
		<max><c path="Int"/></max>
		<hasNext public="1" set="method" line="46">
			<f a=""><e path="Bool"/></f>
			<haxe_doc>
		Returns true if the iterator has other items, false otherwise.
	</haxe_doc>
		</hasNext>
		<next public="1" set="method" line="53">
			<f a=""><c path="Int"/></f>
			<haxe_doc>
		Moves to the next item of the iterator.
	</haxe_doc>
		</next>
		<new public="1" set="method" line="38">
			<f a="min:max">
				<c path="Int"/>
				<c path="Int"/>
				<e path="Void"/>
			</f>
			<haxe_doc><![CDATA[
		Iterate from [min] (inclusive) to [max] (exclusive).
		If [max <= min], the iterator will not act as a countdown.
	]]></haxe_doc>
		</new>
		<haxe_doc>
	Integer iterator. Used for interval implementation.
</haxe_doc>
	</class>
	<class path="Math" params="" file="/usr/lib/haxe/std/Math.hx" extern="1">
		<PI public="1" set="null" static="1"><c path="Float"/></PI>
		<NaN public="1" set="null" static="1"><c path="Float"/></NaN>
		<NEGATIVE_INFINITY public="1" set="null" static="1"><c path="Float"/></NEGATIVE_INFINITY>
		<POSITIVE_INFINITY public="1" set="null" static="1"><c path="Float"/></POSITIVE_INFINITY>
		<abs public="1" set="method" static="1"><f a="v">
	<c path="Float"/>
	<c path="Float"/>
</f></abs>
		<min public="1" set="method" static="1"><f a="a:b">
	<c path="Float"/>
	<c path="Float"/>
	<c path="Float"/>
</f></min>
		<max public="1" set="method" static="1"><f a="a:b">
	<c path="Float"/>
	<c path="Float"/>
	<c path="Float"/>
</f></max>
		<sin public="1" set="method" static="1"><f a="v">
	<c path="Float"/>
	<c path="Float"/>
</f></sin>
		<cos public="1" set="method" static="1"><f a="v">
	<c path="Float"/>
	<c path="Float"/>
</f></cos>
		<atan2 public="1" set="method" static="1"><f a="y:x">
	<c path="Float"/>
	<c path="Float"/>
	<c path="Float"/>
</f></atan2>
		<tan public="1" set="method" static="1"><f a="v">
	<c path="Float"/>
	<c path="Float"/>
</f></tan>
		<exp public="1" set="method" static="1"><f a="v">
	<c path="Float"/>
	<c path="Float"/>
</f></exp>
		<log public="1" set="method" static="1"><f a="v">
	<c path="Float"/>
	<c path="Float"/>
</f></log>
		<sqrt public="1" set="method" static="1"><f a="v">
	<c path="Float"/>
	<c path="Float"/>
</f></sqrt>
		<round public="1" set="method" static="1"><f a="v">
	<c path="Float"/>
	<c path="Int"/>
</f></round>
		<floor public="1" set="method" static="1"><f a="v">
	<c path="Float"/>
	<c path="Int"/>
</f></floor>
		<ceil public="1" set="method" static="1"><f a="v">
	<c path="Float"/>
	<c path="Int"/>
</f></ceil>
		<atan public="1" set="method" static="1"><f a="v">
	<c path="Float"/>
	<c path="Float"/>
</f></atan>
		<asin public="1" set="method" static="1"><f a="v">
	<c path="Float"/>
	<c path="Float"/>
</f></asin>
		<acos public="1" set="method" static="1"><f a="v">
	<c path="Float"/>
	<c path="Float"/>
</f></acos>
		<pow public="1" set="method" static="1"><f a="v:exp">
	<c path="Float"/>
	<c path="Float"/>
	<c path="Float"/>
</f></pow>
		<random public="1" set="method" static="1"><f a=""><c path="Float"/></f></random>
		<isFinite public="1" set="method" static="1"><f a="f">
	<c path="Float"/>
	<e path="Bool"/>
</f></isFinite>
		<isNaN public="1" set="method" static="1"><f a="f">
	<c path="Float"/>
	<e path="Bool"/>
</f></isNaN>
		<haxe_doc>
	This class defines mathematical functions and constants.
</haxe_doc>
	</class>
	<class path="flash.ui.ContextMenu" params="" file="/usr/lib/haxe/std/flash9/ui/ContextMenu.hx" extern="1">
		<extends path="flash.events.EventDispatcher"/>
		<builtInItems public="1"><c path="flash.ui.ContextMenuBuiltInItems"/></builtInItems>
		<customItems public="1"><c path="Array"><d/></c></customItems>
		<clone public="1" set="method"><f a=""><c path="flash.ui.ContextMenu"/></f></clone>
		<hideBuiltInItems public="1" set="method"><f a=""><e path="Void"/></f></hideBuiltInItems>
		<new public="1" set="method"><f a=""><e path="Void"/></f></new>
	</class>
	<enum path="flash.events.EventPhase" params="" file="/usr/lib/haxe/std/flash9/events/EventPhase.hx">
		<CAPTURING_PHASE/>
		<BUBBLING_PHASE/>
		<AT_TARGET/>
	</enum>
	<enum path="flash.display.JointStyle" params="" file="/usr/lib/haxe/std/flash9/display/JointStyle.hx">
		<ROUND/>
		<MITER/>
		<BEVEL/>
	</enum>
	<enum path="flash.text.TextFormatAlign" params="" file="/usr/lib/haxe/std/flash9/text/TextFormatAlign.hx">
		<RIGHT/>
		<LEFT/>
		<JUSTIFY/>
		<CENTER/>
	</enum>
	<enum path="flash.display.StageScaleMode" params="" file="/usr/lib/haxe/std/flash9/display/StageScaleMode.hx">
		<SHOW_ALL/>
		<NO_SCALE/>
		<NO_BORDER/>
		<EXACT_FIT/>
	</enum>
	<enum path="flash.display.InterpolationMethod" params="" file="/usr/lib/haxe/std/flash9/display/InterpolationMethod.hx">
		<RGB/>
		<LINEAR_RGB/>
	</enum>
	<class path="flash.utils.IDataOutput" params="" file="/usr/lib/haxe/std/flash9/utils/IDataOutput.hx" extern="1" interface="1">
		<endian public="1"><e path="flash.utils.Endian"/></endian>
		<objectEncoding public="1"><t path="UInt"/></objectEncoding>
		<writeBoolean public="1" set="method"><f a="value">
	<e path="Bool"/>
	<e path="Void"/>
</f></writeBoolean>
		<writeByte public="1" set="method"><f a="value">
	<c path="Int"/>
	<e path="Void"/>
</f></writeByte>
		<writeBytes public="1" set="method"><f a="bytes:?offset:?length">
	<c path="flash.utils.ByteArray"/>
	<t path="UInt"/>
	<t path="UInt"/>
	<e path="Void"/>
</f></writeBytes>
		<writeDouble public="1" set="method"><f a="value">
	<c path="Float"/>
	<e path="Void"/>
</f></writeDouble>
		<writeFloat public="1" set="method"><f a="value">
	<c path="Float"/>
	<e path="Void"/>
</f></writeFloat>
		<writeInt public="1" set="method"><f a="value">
	<c path="Int"/>
	<e path="Void"/>
</f></writeInt>
		<writeMultiByte public="1" set="method"><f a="value:charSet">
	<c path="String"/>
	<c path="String"/>
	<e path="Void"/>
</f></writeMultiByte>
		<writeObject public="1" set="method"><f a="object">
	<d/>
	<e path="Void"/>
</f></writeObject>
		<writeShort public="1" set="method"><f a="value">
	<c path="Int"/>
	<e path="Void"/>
</f></writeShort>
		<writeUTF public="1" set="method"><f a="value">
	<c path="String"/>
	<e path="Void"/>
</f></writeUTF>
		<writeUTFBytes public="1" set="method"><f a="value">
	<c path="String"/>
	<e path="Void"/>
</f></writeUTFBytes>
		<writeUnsignedInt public="1" set="method"><f a="value">
	<t path="UInt"/>
	<e path="Void"/>
</f></writeUnsignedInt>
	</class>
	<class path="flash.display.MovieClip" params="" file="/usr/lib/haxe/std/flash9/display/MovieClip.hx" extern="1">
		<extends path="flash.display.Sprite"/>
		<currentFrame public="1" set="null"><c path="Int"/></currentFrame>
		<currentLabel public="1" set="null"><c path="String"/></currentLabel>
		<currentLabels public="1" set="null"><c path="Array"><c path="flash.display.FrameLabel"/></c></currentLabels>
		<currentScene public="1" set="null"><c path="flash.display.Scene"/></currentScene>
		<enabled public="1"><e path="Bool"/></enabled>
		<framesLoaded public="1" set="null"><c path="Int"/></framesLoaded>
		<scenes public="1" set="null"><c path="Array"><c path="flash.display.Scene"/></c></scenes>
		<totalFrames public="1" set="null"><c path="Int"/></totalFrames>
		<trackAsMenu public="1"><e path="Bool"/></trackAsMenu>
		<addFrameScript public="1" set="method"><f a="?p1:?p2:?p3:?p4:?p5">
	<d/>
	<d/>
	<d/>
	<d/>
	<d/>
	<e path="Void"/>
</f></addFrameScript>
		<gotoAndPlay public="1" set="method"><f a="frame:?scene">
	<d/>
	<c path="String"/>
	<e path="Void"/>
</f></gotoAndPlay>
		<gotoAndStop public="1" set="method"><f a="frame:?scene">
	<d/>
	<c path="String"/>
	<e path="Void"/>
</f></gotoAndStop>
		<nextFrame public="1" set="method"><f a=""><e path="Void"/></f></nextFrame>
		<nextScene public="1" set="method"><f a=""><e path="Void"/></f></nextScene>
		<play public="1" set="method"><f a=""><e path="Void"/></f></play>
		<prevFrame public="1" set="method"><f a=""><e path="Void"/></f></prevFrame>
		<prevScene public="1" set="method"><f a=""><e path="Void"/></f></prevScene>
		<stop public="1" set="method"><f a=""><e path="Void"/></f></stop>
		<new public="1" set="method"><f a=""><e path="Void"/></f></new>
		<haxe_dynamic><d/></haxe_dynamic>
	</class>
	<enum path="flash.display.CapsStyle" params="" file="/usr/lib/haxe/std/flash9/display/CapsStyle.hx">
		<SQUARE/>
		<ROUND/>
		<NONE/>
	</enum>
	<typedef path="haxe.PosInfos" params="" file="/usr/lib/haxe/std/haxe/PosInfos.hx"><a>
	<methodName><c path="String"/></methodName>
	<lineNumber><c path="Int"/></lineNumber>
	<fileName><c path="String"/></fileName>
	<customParams><c path="Array"><d/></c></customParams>
	<className><c path="String"/></className>
</a></typedef>
	<class path="flash.text.StyleSheet" params="" file="/usr/lib/haxe/std/flash9/text/StyleSheet.hx" extern="1">
		<extends path="flash.events.EventDispatcher"/>
		<styleNames public="1" set="null"><c path="Array"><d/></c></styleNames>
		<clear public="1" set="method"><f a=""><e path="Void"/></f></clear>
		<getStyle public="1" set="method"><f a="styleName">
	<c path="String"/>
	<d/>
</f></getStyle>
		<parseCSS public="1" set="method"><f a="CSSText">
	<c path="String"/>
	<e path="Void"/>
</f></parseCSS>
		<setStyle public="1" set="method"><f a="styleName:styleObject">
	<c path="String"/>
	<d/>
	<e path="Void"/>
</f></setStyle>
		<transform public="1" set="method"><f a="formatObject">
	<d/>
	<c path="flash.text.TextFormat"/>
</f></transform>
		<new public="1" set="method"><f a=""><e path="Void"/></f></new>
	</class>
	<class path="flash.geom.Point" params="" file="/usr/lib/haxe/std/flash9/geom/Point.hx" extern="1">
		<distance public="1" set="method" static="1"><f a="pt1:pt2">
	<c path="flash.geom.Point"/>
	<c path="flash.geom.Point"/>
	<c path="Float"/>
</f></distance>
		<interpolate public="1" set="method" static="1"><f a="pt1:pt2:f">
	<c path="flash.geom.Point"/>
	<c path="flash.geom.Point"/>
	<c path="Float"/>
	<c path="flash.geom.Point"/>
</f></interpolate>
		<polar public="1" set="method" static="1"><f a="len:angle">
	<c path="Float"/>
	<c path="Float"/>
	<c path="flash.geom.Point"/>
</f></polar>
		<length public="1" set="null"><c path="Float"/></length>
		<x public="1"><c path="Float"/></x>
		<y public="1"><c path="Float"/></y>
		<add public="1" set="method"><f a="v">
	<c path="flash.geom.Point"/>
	<c path="flash.geom.Point"/>
</f></add>
		<clone public="1" set="method"><f a=""><c path="flash.geom.Point"/></f></clone>
		<equals public="1" set="method"><f a="toCompare">
	<c path="flash.geom.Point"/>
	<e path="Bool"/>
</f></equals>
		<normalize public="1" set="method"><f a="thickness">
	<c path="Float"/>
	<e path="Void"/>
</f></normalize>
		<offset public="1" set="method"><f a="dx:dy">
	<c path="Float"/>
	<c path="Float"/>
	<e path="Void"/>
</f></offset>
		<subtract public="1" set="method"><f a="v">
	<c path="flash.geom.Point"/>
	<c path="flash.geom.Point"/>
</f></subtract>
		<toString public="1" set="method"><f a=""><c path="String"/></f></toString>
		<new public="1" set="method"><f a="?x:?y">
	<c path="Float"/>
	<c path="Float"/>
	<e path="Void"/>
</f></new>
	</class>
	<class path="flash.display.Scene" params="" file="/usr/lib/haxe/std/flash9/display/Scene.hx" extern="1">
		<labels public="1" set="null"><c path="Array"><c path="flash.display.FrameLabel"/></c></labels>
		<name public="1" set="null"><c path="String"/></name>
		<numFrames public="1" set="null"><c path="Int"/></numFrames>
		<new public="1" set="method"><f a="name:labels:numFrames">
	<c path="String"/>
	<c path="Array"><c path="flash.display.FrameLabel"/></c>
	<c path="Int"/>
	<e path="Void"/>
</f></new>
	</class>
	<class path="flash.system.ApplicationDomain" params="" file="/usr/lib/haxe/std/flash9/system/ApplicationDomain.hx" extern="1">
		<currentDomain public="1" set="null" static="1"><c path="flash.system.ApplicationDomain"/></currentDomain>
		<parentDomain public="1" set="null"><c path="flash.system.ApplicationDomain"/></parentDomain>
		<getDefinition public="1" set="method"><f a="name">
	<c path="String"/>
	<d/>
</f></getDefinition>
		<hasDefinition public="1" set="method"><f a="name">
	<c path="String"/>
	<e path="Bool"/>
</f></hasDefinition>
		<new public="1" set="method"><f a="?parentDomain">
	<c path="flash.system.ApplicationDomain"/>
	<e path="Void"/>
</f></new>
	</class>
	<enum path="flash.text.TextFormatDisplay" params="" file="/usr/lib/haxe/std/flash9/text/TextFormatDisplay.hx">
		<INLINE/>
		<BLOCK/>
	</enum>
	<enum path="flash.text.GridFitType" params="" file="/usr/lib/haxe/std/flash9/text/GridFitType.hx">
		<SUBPIXEL/>
		<PIXEL/>
		<NONE/>
	</enum>
	<class path="flash.geom.Transform" params="" file="/usr/lib/haxe/std/flash9/geom/Transform.hx" extern="1">
		<colorTransform public="1"><c path="flash.geom.ColorTransform"/></colorTransform>
		<concatenatedColorTransform public="1" set="null"><c path="flash.geom.ColorTransform"/></concatenatedColorTransform>
		<concatenatedMatrix public="1" set="null"><c path="flash.geom.Matrix"/></concatenatedMatrix>
		<matrix public="1"><c path="flash.geom.Matrix"/></matrix>
		<pixelBounds public="1" set="null"><c path="flash.geom.Rectangle"/></pixelBounds>
		<new public="1" set="method"><f a="displayObject">
	<c path="flash.display.DisplayObject"/>
	<e path="Void"/>
</f></new>
	</class>
	<class path="flash.utils.IDataInput" params="" file="/usr/lib/haxe/std/flash9/utils/IDataInput.hx" extern="1" interface="1">
		<bytesAvailable public="1" set="null"><t path="UInt"/></bytesAvailable>
		<endian public="1"><e path="flash.utils.Endian"/></endian>
		<objectEncoding public="1"><t path="UInt"/></objectEncoding>
		<readBoolean public="1" set="method"><f a=""><e path="Bool"/></f></readBoolean>
		<readByte public="1" set="method"><f a=""><c path="Int"/></f></readByte>
		<readBytes public="1" set="method"><f a="bytes:?offset:?length">
	<c path="flash.utils.ByteArray"/>
	<t path="UInt"/>
	<t path="UInt"/>
	<e path="Void"/>
</f></readBytes>
		<readDouble public="1" set="method"><f a=""><c path="Float"/></f></readDouble>
		<readFloat public="1" set="method"><f a=""><c path="Float"/></f></readFloat>
		<readInt public="1" set="method"><f a=""><c path="Int"/></f></readInt>
		<readMultiByte public="1" set="method"><f a="length:charSet">
	<t path="UInt"/>
	<c path="String"/>
	<c path="String"/>
</f></readMultiByte>
		<readObject public="1" set="method"><f a=""><d/></f></readObject>
		<readShort public="1" set="method"><f a=""><c path="Int"/></f></readShort>
		<readUTF public="1" set="method"><f a=""><c path="String"/></f></readUTF>
		<readUTFBytes public="1" set="method"><f a="length">
	<t path="UInt"/>
	<c path="String"/>
</f></readUTFBytes>
		<readUnsignedByte public="1" set="method"><f a=""><t path="UInt"/></f></readUnsignedByte>
		<readUnsignedInt public="1" set="method"><f a=""><t path="UInt"/></f></readUnsignedInt>
		<readUnsignedShort public="1" set="method"><f a=""><t path="UInt"/></f></readUnsignedShort>
	</class>
	<class path="flash.utils.ByteArray" params="" file="/usr/lib/haxe/std/flash9/utils/ByteArray.hx" extern="1">
		<implements path="flash.utils.IDataOutput"/>
		<implements path="flash.utils.IDataInput"/>
		<defaultObjectEncoding public="1" static="1"><t path="UInt"/></defaultObjectEncoding>
		<bytesAvailable public="1" set="null"><t path="UInt"/></bytesAvailable>
		<endian public="1"><e path="flash.utils.Endian"/></endian>
		<length public="1"><t path="UInt"/></length>
		<objectEncoding public="1"><t path="UInt"/></objectEncoding>
		<position public="1"><t path="UInt"/></position>
		<compress public="1" set="method"><f a=""><e path="Void"/></f></compress>
		<readBoolean public="1" set="method"><f a=""><e path="Bool"/></f></readBoolean>
		<readByte public="1" set="method"><f a=""><c path="Int"/></f></readByte>
		<readBytes public="1" set="method"><f a="bytes:?offset:?length">
	<c path="flash.utils.ByteArray"/>
	<t path="UInt"/>
	<t path="UInt"/>
	<e path="Void"/>
</f></readBytes>
		<readDouble public="1" set="method"><f a=""><c path="Float"/></f></readDouble>
		<readFloat public="1" set="method"><f a=""><c path="Float"/></f></readFloat>
		<readInt public="1" set="method"><f a=""><c path="Int"/></f></readInt>
		<readMultiByte public="1" set="method"><f a="length:charSet">
	<t path="UInt"/>
	<c path="String"/>
	<c path="String"/>
</f></readMultiByte>
		<readObject public="1" set="method"><f a=""><d/></f></readObject>
		<readShort public="1" set="method"><f a=""><c path="Int"/></f></readShort>
		<readUTF public="1" set="method"><f a=""><c path="String"/></f></readUTF>
		<readUTFBytes public="1" set="method"><f a="length">
	<t path="UInt"/>
	<c path="String"/>
</f></readUTFBytes>
		<readUnsignedByte public="1" set="method"><f a=""><t path="UInt"/></f></readUnsignedByte>
		<readUnsignedInt public="1" set="method"><f a=""><t path="UInt"/></f></readUnsignedInt>
		<readUnsignedShort public="1" set="method"><f a=""><t path="UInt"/></f></readUnsignedShort>
		<toString public="1" set="method"><f a=""><c path="String"/></f></toString>
		<uncompress public="1" set="method"><f a=""><e path="Void"/></f></uncompress>
		<writeBoolean public="1" set="method"><f a="value">
	<e path="Bool"/>
	<e path="Void"/>
</f></writeBoolean>
		<writeByte public="1" set="method"><f a="value">
	<c path="Int"/>
	<e path="Void"/>
</f></writeByte>
		<writeBytes public="1" set="method"><f a="bytes:?offset:?length">
	<c path="flash.utils.ByteArray"/>
	<t path="UInt"/>
	<t path="UInt"/>
	<e path="Void"/>
</f></writeBytes>
		<writeDouble public="1" set="method"><f a="value">
	<c path="Float"/>
	<e path="Void"/>
</f></writeDouble>
		<writeFloat public="1" set="method"><f a="value">
	<c path="Float"/>
	<e path="Void"/>
</f></writeFloat>
		<writeInt public="1" set="method"><f a="value">
	<c path="Int"/>
	<e path="Void"/>
</f></writeInt>
		<writeMultiByte public="1" set="method"><f a="value:charSet">
	<c path="String"/>
	<c path="String"/>
	<e path="Void"/>
</f></writeMultiByte>
		<writeObject public="1" set="method"><f a="object">
	<d/>
	<e path="Void"/>
</f></writeObject>
		<writeShort public="1" set="method"><f a="value">
	<c path="Int"/>
	<e path="Void"/>
</f></writeShort>
		<writeUTF public="1" set="method"><f a="value">
	<c path="String"/>
	<e path="Void"/>
</f></writeUTF>
		<writeUTFBytes public="1" set="method"><f a="value">
	<c path="String"/>
	<e path="Void"/>
</f></writeUTFBytes>
		<writeUnsignedInt public="1" set="method"><f a="value">
	<t path="UInt"/>
	<e path="Void"/>
</f></writeUnsignedInt>
		<new public="1" set="method"><f a=""><e path="Void"/></f></new>
	</class>
	<class path="flash.net.URLRequest" params="" file="/usr/lib/haxe/std/flash9/net/URLRequest.hx" extern="1">
		<contentType public="1"><c path="String"/></contentType>
		<data public="1"><d/></data>
		<digest public="1">
			<c path="String"/>
			<haxe_doc> added in FP 9.0.115 </haxe_doc>
		</digest>
		<method public="1"><c path="String"/></method>
		<requestHeaders public="1"><c path="Array"><c path="flash.net.URLRequestHeader"/></c></requestHeaders>
		<url public="1"><c path="String"/></url>
		<new public="1" set="method"><f a="?url">
	<c path="String"/>
	<e path="Void"/>
</f></new>
	</class>
	<class path="flash.text.TextFormat" params="" file="/usr/lib/haxe/std/flash9/text/TextFormat.hx" extern="1">
		<align public="1"><e path="flash.text.TextFormatAlign"/></align>
		<blockIndent public="1"><t path="Null"><c path="Float"/></t></blockIndent>
		<bold public="1"><t path="Null"><e path="Bool"/></t></bold>
		<bullet public="1"><t path="Null"><e path="Bool"/></t></bullet>
		<color public="1"><t path="Null"><t path="UInt"/></t></color>
		<display public="1"><e path="flash.text.TextFormatDisplay"/></display>
		<font public="1"><c path="String"/></font>
		<indent public="1"><t path="Null"><c path="Float"/></t></indent>
		<italic public="1"><t path="Null"><e path="Bool"/></t></italic>
		<kerning public="1"><t path="Null"><e path="Bool"/></t></kerning>
		<leading public="1"><t path="Null"><c path="Float"/></t></leading>
		<leftMargin public="1"><t path="Null"><c path="Float"/></t></leftMargin>
		<letterSpacing public="1"><t path="Null"><c path="Float"/></t></letterSpacing>
		<rightMargin public="1"><t path="Null"><c path="Float"/></t></rightMargin>
		<size public="1"><t path="Null"><c path="Float"/></t></size>
		<tabStops public="1"><c path="Array"><t path="UInt"/></c></tabStops>
		<target public="1"><c path="String"/></target>
		<underline public="1"><t path="Null"><e path="Bool"/></t></underline>
		<url public="1"><c path="String"/></url>
		<new public="1" set="method"><f a="?font:?size:?color:?bold:?italic:?underline:?url:?target:?align:?leftMargin:?rightMargin:?indent:?leading">
	<c path="String"/>
	<c path="Float"/>
	<t path="UInt"/>
	<e path="Bool"/>
	<e path="Bool"/>
	<e path="Bool"/>
	<c path="String"/>
	<c path="String"/>
	<e path="flash.text.TextFormatAlign"/>
	<c path="Float"/>
	<c path="Float"/>
	<c path="Float"/>
	<c path="Float"/>
	<e path="Void"/>
</f></new>
	</class>
	<class path="flash.accessibility.AccessibilityProperties" params="" file="/usr/lib/haxe/std/flash9/accessibility/AccessibilityProperties.hx" extern="1">
		<description public="1"><c path="String"/></description>
		<forceSimple public="1"><e path="Bool"/></forceSimple>
		<name public="1"><c path="String"/></name>
		<noAutoLabeling public="1"><e path="Bool"/></noAutoLabeling>
		<shortcut public="1"><c path="String"/></shortcut>
		<silent public="1"><e path="Bool"/></silent>
		<new public="1" set="method"><f a=""><e path="Void"/></f></new>
	</class>
	<class path="Array" params="T" file="/usr/lib/haxe/std/Array.hx" extern="1">
		<length public="1" set="null">
			<c path="Int"/>
			<haxe_doc>
		The length of the Array
	</haxe_doc>
		</length>
		<concat public="1" set="method">
			<f a="a">
				<c path="Array"><c path="Array.T"/></c>
				<c path="Array"><c path="Array.T"/></c>
			</f>
			<haxe_doc>
		Returns a new Array by appending [a] to [this].
	</haxe_doc>
		</concat>
		<join public="1" set="method">
			<f a="sep">
				<c path="String"/>
				<c path="String"/>
			</f>
			<haxe_doc>
		Returns a representation of an array with [sep] for separating each element.
	</haxe_doc>
		</join>
		<pop public="1" set="method">
			<f a=""><t path="Null"><c path="Array.T"/></t></f>
			<haxe_doc>
		Removes the last element of the array and returns it.
	</haxe_doc>
		</pop>
		<push public="1" set="method">
			<f a="x">
				<c path="Array.T"/>
				<c path="Int"/>
			</f>
			<haxe_doc>
		Adds the element [x] at the end of the array.
	</haxe_doc>
		</push>
		<reverse public="1" set="method">
			<f a=""><e path="Void"/></f>
			<haxe_doc>
		Reverse the order of elements of the Array.
	</haxe_doc>
		</reverse>
		<shift public="1" set="method">
			<f a=""><t path="Null"><c path="Array.T"/></t></f>
			<haxe_doc>
		Removes the first element and returns it.
	</haxe_doc>
		</shift>
		<slice public="1" set="method">
			<f a="pos:?end">
				<c path="Int"/>
				<c path="Int"/>
				<c path="Array"><c path="Array.T"/></c>
			</f>
			<haxe_doc>
		Copies the range of the array starting at [pos] up to,
		but not including, [end]. Both [pos] and [end] can be
		negative to count from the end: -1 is the last item in
		the array.
	</haxe_doc>
		</slice>
		<sort public="1" set="method">
			<f a="f">
				<f a=":">
					<c path="Array.T"/>
					<c path="Array.T"/>
					<c path="Int"/>
				</f>
				<e path="Void"/>
			</f>
			<haxe_doc><![CDATA[
		Sort the Array according to the comparison function [f].
		[f(x,y)] should return [0] if [x == y], [>0] if [x > y]
		and [<0] if [x < y].
	]]></haxe_doc>
		</sort>
		<splice public="1" set="method">
			<f a="pos:len">
				<c path="Int"/>
				<c path="Int"/>
				<c path="Array"><c path="Array.T"/></c>
			</f>
			<haxe_doc>
		Removes [len] elements starting from [pos] an returns them.
	</haxe_doc>
		</splice>
		<toString public="1" set="method">
			<f a=""><c path="String"/></f>
			<haxe_doc>
		Returns a displayable representation of the Array content.
	</haxe_doc>
		</toString>
		<unshift public="1" set="method">
			<f a="x">
				<c path="Array.T"/>
				<e path="Void"/>
			</f>
			<haxe_doc>
		Adds the element [x] at the start of the array.
	</haxe_doc>
		</unshift>
		<insert public="1" set="method">
			<f a="pos:x">
				<c path="Int"/>
				<c path="Array.T"/>
				<e path="Void"/>
			</f>
			<haxe_doc>
		Inserts the element [x] at the position [pos].
		All elements after [pos] are moved one index ahead.
	</haxe_doc>
		</insert>
		<remove public="1" set="method">
			<f a="x">
				<c path="Array.T"/>
				<e path="Bool"/>
			</f>
			<haxe_doc>
		Removes the first occurence of [x].
		Returns false if [x] was not present.
		Elements are compared by using standard equality.
	</haxe_doc>
		</remove>
		<copy public="1" set="method">
			<f a=""><c path="Array"><c path="Array.T"/></c></f>
			<haxe_doc>
		Returns a copy of the Array. The values are not
		copied, only the Array structure.
	</haxe_doc>
		</copy>
		<iterator public="1" set="method">
			<f a=""><t path="Iterator"><t path="Null"><c path="Array.T"/></t></t></f>
			<haxe_doc>
		Returns an iterator of the Array values.
	</haxe_doc>
		</iterator>
		<new public="1" set="method">
			<f a=""><e path="Void"/></f>
			<haxe_doc>
		Creates a new Array.
	</haxe_doc>
		</new>
		<haxe_doc>
	An Array is a storage for values. You can access it using indexes or
	with its API. On the server side, it's often better to use a [List] which
	is less memory and CPU consuming, unless you really need indexed access.
</haxe_doc>
	</class>
	<class path="Std" params="" file="/usr/lib/haxe/std/flash9/_std/Std.hx">
		<is public="1" set="method" line="28" static="1">
			<f a="v:t">
				<d/>
				<d/>
				<e path="Bool"/>
			</f>
			<haxe_doc>
		Tells if a value v is of the type t.
	</haxe_doc>
		</is>
		<string public="1" set="method" line="32" static="1">
			<f a="s">
				<d/>
				<c path="String"/>
			</f>
			<haxe_doc>
		Convert any value to a String
	</haxe_doc>
		</string>
		<int public="1" get="inline" set="null" line="36" static="1">
			<f a="x">
				<c path="Float"/>
				<c path="Int"/>
			</f>
			<haxe_doc>
		Convert a Float to an Int, rounded down.
	</haxe_doc>
		</int>
		<parseInt public="1" set="method" line="40" static="1">
			<f a="x">
				<c path="String"/>
				<t path="Null"><c path="Int"/></t>
			</f>
			<haxe_doc>
		Convert a String to an Int, parsing different possible representations. Returns [null] if could not be parsed.
	</haxe_doc>
		</parseInt>
		<parseFloat public="1" set="method" line="47" static="1">
			<f a="x">
				<c path="String"/>
				<c path="Float"/>
			</f>
			<haxe_doc>
		Convert a String to a Float, parsing different possible reprensations.
	</haxe_doc>
		</parseFloat>
		<random public="1" set="method" line="51" static="1">
			<f a="x">
				<c path="Int"/>
				<c path="Int"/>
			</f>
			<haxe_doc>
		Return a random integer between 0 included and x excluded.
	</haxe_doc>
		</random>
		<haxe_doc>
	The Std class provides standard methods for manipulating basic types.
</haxe_doc>
	</class>
	<enum path="flash.display.ActionScriptVersion" params="" file="/usr/lib/haxe/std/flash9/display/ActionScriptVersion.hx">
		<ACTIONSCRIPT3/>
		<ACTIONSCRIPT2/>
	</enum>
	<enum path="flash.display.SpreadMethod" params="" file="/usr/lib/haxe/std/flash9/display/SpreadMethod.hx">
		<REPEAT/>
		<REFLECT/>
		<PAD/>
	</enum>
	<enum path="flash.display.SWFVersion" params="" file="/usr/lib/haxe/std/flash9/display/SWFVersion.hx">
		<FLASH9/>
		<FLASH8/>
		<FLASH7/>
		<FLASH6/>
		<FLASH5/>
		<FLASH4/>
		<FLASH3/>
		<FLASH2/>
		<FLASH1/>
	</enum>
	<class path="flash.geom.Matrix" params="" file="/usr/lib/haxe/std/flash9/geom/Matrix.hx" extern="1">
		<a public="1"><c path="Float"/></a>
		<b public="1"><c path="Float"/></b>
		<c public="1"><c path="Float"/></c>
		<d public="1"><c path="Float"/></d>
		<tx public="1"><c path="Float"/></tx>
		<ty public="1"><c path="Float"/></ty>
		<clone public="1" set="method"><f a=""><c path="flash.geom.Matrix"/></f></clone>
		<concat public="1" set="method"><f a="m">
	<c path="flash.geom.Matrix"/>
	<e path="Void"/>
</f></concat>
		<createBox public="1" set="method"><f a="scaleX:scaleY:?rotation:?tx:?ty">
	<c path="Float"/>
	<c path="Float"/>
	<c path="Float"/>
	<c path="Float"/>
	<c path="Float"/>
	<e path="Void"/>
</f></createBox>
		<createGradientBox public="1" set="method"><f a="width:height:?rotation:?tx:?ty">
	<c path="Float"/>
	<c path="Float"/>
	<c path="Float"/>
	<c path="Float"/>
	<c path="Float"/>
	<e path="Void"/>
</f></createGradientBox>
		<deltaTransformPoint public="1" set="method"><f a="point">
	<c path="flash.geom.Point"/>
	<c path="flash.geom.Point"/>
</f></deltaTransformPoint>
		<identity public="1" set="method"><f a=""><e path="Void"/></f></identity>
		<invert public="1" set="method"><f a=""><e path="Void"/></f></invert>
		<rotate public="1" set="method"><f a="angle">
	<c path="Float"/>
	<e path="Void"/>
</f></rotate>
		<scale public="1" set="method"><f a="sx:sy">
	<c path="Float"/>
	<c path="Float"/>
	<e path="Void"/>
</f></scale>
		<toString public="1" set="method"><f a=""><c path="String"/></f></toString>
		<transformPoint public="1" set="method"><f a="point">
	<c path="flash.geom.Point"/>
	<c path="flash.geom.Point"/>
</f></transformPoint>
		<translate public="1" set="method"><f a="dx:dy">
	<c path="Float"/>
	<c path="Float"/>
	<e path="Void"/>
</f></translate>
		<new public="1" set="method"><f a="?a:?b:?c:?d:?tx:?ty">
	<c path="Float"/>
	<c path="Float"/>
	<c path="Float"/>
	<c path="Float"/>
	<c path="Float"/>
	<c path="Float"/>
	<e path="Void"/>
</f></new>
	</class>
	<class path="Main" params="" file="src/Main.hx">
		<view static="1"><c path="flash.display.Sprite"/></view>
		<x line="7" static="1"><c path="Float"/></x>
		<y line="8" static="1"><c path="Float"/></y>
		<speed line="9" static="1"><c path="Float"/></speed>
		<max_x line="10" static="1"><c path="Float"/></max_x>
		<main set="method" line="12" static="1"><f a=""><e path="Void"/></f></main>
		<update_view set="method" line="22"><f a="e">
	<d/>
	<e path="Void"/>
</f></update_view>
		<is_invalid_x set="method" line="31"><f a=""><e path="Bool"/></f></is_invalid_x>
		<new set="method" line="16"><f a=""><e path="Void"/></f></new>
	</class>
	<class path="flash.filters.BitmapFilter" params="" file="/usr/lib/haxe/std/flash9/filters/BitmapFilter.hx" extern="1">
		<clone public="1" set="method"><f a=""><c path="flash.filters.BitmapFilter"/></f></clone>
		<new public="1" set="method"><f a=""><e path="Void"/></f></new>
	</class>
	<enum path="flash.text.TextFieldAutoSize" params="" file="/usr/lib/haxe/std/flash9/text/TextFieldAutoSize.hx">
		<RIGHT/>
		<NONE/>
		<LEFT/>
		<CENTER/>
	</enum>
	<class path="flash.display.FrameLabel" params="" file="/usr/lib/haxe/std/flash9/display/FrameLabel.hx" extern="1">
		<frame public="1" set="null"><c path="Int"/></frame>
		<name public="1" set="null"><c path="String"/></name>
		<new public="1" set="method"><f a="name:frame">
	<c path="String"/>
	<c path="Int"/>
	<e path="Void"/>
</f></new>
	</class>
	<enum path="flash.display.StageQuality" params="" file="/usr/lib/haxe/std/flash9/display/StageQuality.hx">
		<MEDIUM/>
		<LOW/>
		<HIGH/>
		<BEST/>
	</enum>
	<class path="flash.errors.Error" params="" file="/usr/lib/haxe/std/flash9/errors/Error.hx" extern="1">
		<length public="1" static="1"><c path="Int"/></length>
		<getErrorMessage public="1" set="method" static="1"><f a="index">
	<c path="Int"/>
	<c path="String"/>
</f></getErrorMessage>
		<throwError public="1" set="method" static="1"><f a="type:index:?p1:?p2:?p3:?p4:?p5">
	<c path="Class"><d/></c>
	<t path="UInt"/>
	<d/>
	<d/>
	<d/>
	<d/>
	<d/>
	<d/>
</f></throwError>
		<errorID public="1" set="null"><c path="Int"/></errorID>
		<message public="1"><d/></message>
		<name public="1"><d/></name>
		<getStackTrace public="1" set="method"><f a=""><c path="String"/></f></getStackTrace>
		<new public="1" set="method"><f a="?message:?id">
	<c path="String"/>
	<c path="Int"/>
	<e path="Void"/>
</f></new>
	</class>
	<class path="flash.Boot" params="" file="/usr/lib/haxe/std/flash9/Boot.hx">
		<extends path="flash.display.MovieClip"/>
		<init static="1"><f a=""><e path="Void"/></f></init>
		<tf static="1"><c path="flash.text.TextField"/></tf>
		<lines static="1"><c path="Array"><c path="String"/></c></lines>
		<lastError static="1"><c path="flash.errors.Error"/></lastError>
		<skip_constructor public="1" line="34" static="1"><e path="Bool"/></skip_constructor>
		<enum_to_string public="1" set="method" line="89" static="1"><f a="e">
	<a>
		<tag><c path="String"/></tag>
		<params><c path="Array"><d/></c></params>
	</a>
	<c path="String"/>
</f></enum_to_string>
		<__instanceof public="1" set="method" line="98" static="1"><f a="v:t">
	<d/>
	<d/>
	<e path="Bool"/>
</f></__instanceof>
		<__clear_trace public="1" set="method" line="108" static="1"><f a=""><e path="Void"/></f></__clear_trace>
		<__set_trace_color public="1" set="method" line="116" static="1"><f a="rgb">
	<t path="UInt"/>
	<e path="Void"/>
</f></__set_trace_color>
		<getTrace public="1" set="method" line="120" static="1"><f a=""><c path="flash.text.TextField"/></f></getTrace>
		<__trace public="1" set="method" line="136" static="1"><f a="v:pos">
	<d/>
	<t path="haxe.PosInfos"/>
	<e path="Void"/>
</f></__trace>
		<__string_rec public="1" set="method" line="150" static="1"><f a="v:str">
	<d/>
	<c path="String"/>
	<c path="String"/>
</f></__string_rec>
		<__unprotect__ set="method" line="192" static="1"><f a="s">
	<c path="String"/>
	<c path="String"/>
</f></__unprotect__>
		<new public="1" set="method" line="36"><f a="?mc">
	<c path="flash.display.MovieClip"/>
	<e path="Void"/>
</f></new>
		<haxe_dynamic><d/></haxe_dynamic>
	</class>
	<class path="flash.events.Event" params="" file="/usr/lib/haxe/std/flash9/events/Event.hx" extern="1">
		<ACTIVATE public="1" static="1"><c path="String"/></ACTIVATE>
		<ADDED public="1" static="1"><c path="String"/></ADDED>
		<CANCEL public="1" static="1"><c path="String"/></CANCEL>
		<CHANGE public="1" static="1"><c path="String"/></CHANGE>
		<CLOSE public="1" static="1"><c path="String"/></CLOSE>
		<COMPLETE public="1" static="1"><c path="String"/></COMPLETE>
		<CONNECT public="1" static="1"><c path="String"/></CONNECT>
		<DEACTIVATE public="1" static="1"><c path="String"/></DEACTIVATE>
		<ENTER_FRAME public="1" static="1"><c path="String"/></ENTER_FRAME>
		<ID3 public="1" static="1"><c path="String"/></ID3>
		<INIT public="1" static="1"><c path="String"/></INIT>
		<MOUSE_LEAVE public="1" static="1"><c path="String"/></MOUSE_LEAVE>
		<OPEN public="1" static="1"><c path="String"/></OPEN>
		<REMOVED public="1" static="1"><c path="String"/></REMOVED>
		<RENDER public="1" static="1"><c path="String"/></RENDER>
		<RESIZE public="1" static="1"><c path="String"/></RESIZE>
		<SCROLL public="1" static="1"><c path="String"/></SCROLL>
		<SELECT public="1" static="1"><c path="String"/></SELECT>
		<SOUND_COMPLETE public="1" static="1"><c path="String"/></SOUND_COMPLETE>
		<TAB_CHILDREN_CHANGE public="1" static="1"><c path="String"/></TAB_CHILDREN_CHANGE>
		<TAB_ENABLED_CHANGE public="1" static="1"><c path="String"/></TAB_ENABLED_CHANGE>
		<TAB_INDEX_CHANGE public="1" static="1"><c path="String"/></TAB_INDEX_CHANGE>
		<UNLOAD public="1" static="1"><c path="String"/></UNLOAD>
		<ADDED_TO_STAGE public="1" static="1">
			<c path="String"/>
			<haxe_doc> added in FP 9.0.28 </haxe_doc>
		</ADDED_TO_STAGE>
		<REMOVED_FROM_STAGE public="1" static="1">
			<c path="String"/>
			<haxe_doc> added in FP 9.0.28 </haxe_doc>
		</REMOVED_FROM_STAGE>
		<FULLSCREEN public="1" static="1">
			<c path="String"/>
			<haxe_doc> added in FP 9.0.28 </haxe_doc>
		</FULLSCREEN>
		<bubbles public="1" set="null"><e path="Bool"/></bubbles>
		<cancelable public="1" set="null"><e path="Bool"/></cancelable>
		<currentTarget public="1" set="null"><d/></currentTarget>
		<eventPhase public="1" set="null"><e path="flash.events.EventPhase"/></eventPhase>
		<target public="1" set="null"><d/></target>
		<type public="1" set="null"><c path="String"/></type>
		<clone public="1" set="method"><f a=""><c path="flash.events.Event"/></f></clone>
		<formatToString public="1" set="method"><f a="className:?p1:?p2:?p3:?p4:?p5">
	<c path="String"/>
	<c path="String"/>
	<c path="String"/>
	<c path="String"/>
	<c path="String"/>
	<c path="String"/>
	<c path="String"/>
</f></formatToString>
		<isDefaultPrevented public="1" set="method"><f a=""><e path="Bool"/></f></isDefaultPrevented>
		<preventDefault public="1" set="method"><f a=""><e path="Void"/></f></preventDefault>
		<stopImmediatePropagation public="1" set="method"><f a=""><e path="Void"/></f></stopImmediatePropagation>
		<stopPropagation public="1" set="method"><f a=""><e path="Void"/></f></stopPropagation>
		<toString public="1" set="method"><f a=""><c path="String"/></f></toString>
		<new public="1" set="method"><f a="type:?bubbles:?cancelable">
	<c path="String"/>
	<e path="Bool"/>
	<e path="Bool"/>
	<e path="Void"/>
</f></new>
	</class>
	<enum path="flash.utils.Endian" params="" file="/usr/lib/haxe/std/flash9/utils/Endian.hx">
		<LITTLE_ENDIAN/>
		<BIG_ENDIAN/>
	</enum>
	<class path="flash.system.SecurityDomain" params="" file="/usr/lib/haxe/std/flash9/system/SecurityDomain.hx" extern="1"><currentDomain public="1" set="null" static="1"><c path="flash.system.SecurityDomain"/></currentDomain></class>
	<enum path="flash.display.BlendMode" params="" file="/usr/lib/haxe/std/flash9/display/BlendMode.hx">
		<SUBTRACT/>
		<SCREEN/>
		<OVERLAY/>
		<NORMAL/>
		<MULTIPLY/>
		<LIGHTEN/>
		<LAYER/>
		<INVERT/>
		<HARDLIGHT/>
		<ERASE/>
		<DIFFERENCE/>
		<DARKEN/>
		<ALPHA/>
		<ADD/>
	</enum>
	<class path="@Main" params="" file=""><init line="1" static="1"><e path="Void"/></init></class>
</haxe>